Date,United States,"New York, NY","Los Angeles-Long Beach-Anaheim, CA","Chicago, IL","Dallas-Fort Worth, TX","Philadelphia, PA","Houston, TX","Washington, DC","Miami-Fort Lauderdale, FL","Atlanta, GA","Boston, MA","San Francisco, CA","Detroit, MI","Riverside, CA","Phoenix, AZ","Seattle, WA","Minneapolis-St Paul, MN","San Diego, CA","St. Louis, MO","Tampa, FL","Baltimore, MD","Denver, CO","Pittsburgh, PA","Portland, OR","Charlotte, NC","Sacramento, CA","San Antonio, TX","Orlando, FL","Cincinnati, OH","Cleveland, OH","Kansas City, MO","Las Vegas, NV","Columbus, OH","Indianapolis, IN","San Jose, CA","Austin, TX","Virginia Beach, VA","Nashville, TN","Providence, RI","Milwaukee, WI","Jacksonville, FL","Memphis, TN","Oklahoma City, OK","Louisville-Jefferson County, KY","Hartford, CT","Richmond, VA","New Orleans, LA","Buffalo, NY","Raleigh, NC","Birmingham, AL","Salt Lake City, UT","Rochester, NY","Grand Rapids, MI","Tucson, AZ","Urban Honolulu, HI","Tulsa, OK","Fresno, CA","Worcester, MA","Stamford, CT","Albuquerque, NM","Albany, NY","Omaha, NE","New Haven, CT","Bakersfield, CA","Knoxville, TN","Greenville, SC","Ventura, CA","Allentown, PA","El Paso, TX","Baton Rouge, LA","Dayton, OH","McAllen, TX","Columbia, SC","Greensboro, NC","Akron, OH","North Port-Sarasota-Bradenton, FL","Little Rock, AR","Stockton, CA","Charleston, SC","Syracuse, NY","Colorado Springs, CO","Winston-Salem, NC","Wichita, KS","Springfield, MA","Fort Myers, FL","Boise City, ID","Toledo, OH","Madison, WI","Lakeland, FL","Ogden, UT","Daytona Beach, FL","Des Moines, IA","Jackson, MS","Augusta, GA","Harrisburg, PA","Provo, UT","Fort Collins, CO"
2018-01-31_x,1426397,68575,20153,43034,24283,26163,32985,22169,61075,32435,10531,4445,15146,17510,25698,7622,10304,6477,12945,18218,12891,10724,10721,7664,10158,5745,11343,12241,8015,12011,9205,11815,5310,7229,1304,7955,11858,8702,5955,3808,9774,5739,8455,4494,5870,4956,3839,2808,6311,6211,2587,3075,3287,4952,3481,5741,1920,2915,5707,3822,2664,3036,4067,2516,4497,5643,1608,3795,4534,4130,2886,2150,5200,2900,4025,9280,4908,1323,5750,2597,1899,2600,2687,1791,14368,3481,2427,2313,4163,1640,5548,3719,2814,3712,2430,1878,2307
2018-01-31_y,291607,14092,6784,7759,6163,5639,5165,6247,7435,7173,3793,2374,4985,4817,7127,3914,3647,2398,2571,4803,2851,3637,1862,2447,3608,2429,1950,3854,2074,1465,2068,3458,1798,1953,895,1890,1586,3024,1213,859,2116,1068,1362,1388,882,1322,748,851,1787,1050,1180,942,1354,1189,642,1012,716,819,752,832,519,957,616,797,1079,949,603,727,534,721,768,204,827,650,491,1805,690,589,1277,519,1220,664,303,435,1746,1015,341,557,1013,646,1107,765,345,742,527,524,466
2018-02-28_x,1383906,68132,19986,41384,23203,24718,32147,20891,62721,31210,9498,4267,13974,17621,25927,6641,9526,6431,12340,18496,12211,10134,10176,6999,9969,5398,11205,12252,7636,11371,8752,11637,4897,6775,1319,7577,11477,8403,5434,3521,10019,5573,8196,4306,5260,4787,3818,2532,6186,6137,2555,2838,2919,4974,3450,5618,1883,2633,5311,3636,2460,2907,3660,2559,4341,5479,1565,3571,4565,4193,2755,2160,4991,2823,3782,9870,4769,1262,5751,2410,1847,2539,2553,1649,15300,3170,2324,2164,4211,1566,5656,3689,2821,3625,2226,1755,2136
2018-02-28_y,277006,11633,6668,6320,6381,4098,5686,5656,6893,8480,2805,2597,3756,4679,7932,4352,3058,2479,2349,4447,2298,3517,1550,2737,3865,2413,2017,3402,1774,1379,2008,3007,1645,1952,985,2113,1611,2963,1067,729,2124,1070,1333,1438,755,1348,786,754,1803,1298,1202,728,964,1393,563,1005,786,587,618,791,377,863,511,762,1093,1060,554,582,565,784,613,213,913,711,489,1809,749,585,1126,391,1220,656,265,342,1628,1109,326,478,873,735,1191,741,327,807,409,588,421
2018-03-31_x,1441048,72655,21953,45056,24345,25715,33766,22460,65818,32416,10074,5241,14217,18603,27529,7180,10342,7159,12819,19650,12706,11266,10330,7296,10956,5831,11885,12851,7849,11700,9140,12168,5069,7111,1686,8158,11793,8796,5418,3651,10822,5684,8385,4493,5159,5071,4035,2541,6624,6381,2796,2917,2949,5181,3682,5736,2007,2664,5463,3712,2474,3065,3597,2761,4411,5730,1703,3606,4622,4441,2822,2225,5042,2908,3879,10609,4919,1339,6132,2420,2054,2709,2573,1672,16403,3215,2358,2346,4395,1660,5927,4053,2967,3698,2257,1825,2265
2018-03-31_y,382786,12472,9821,10436,8605,5657,6989,7751,10134,11880,4172,4010,4890,6441,10822,5769,4473,3190,3422,6384,3065,5120,2387,3555,5274,3161,2708,4555,2718,2091,2989,4833,2307,2635,1493,2810,2358,4052,1445,1204,2941,1476,1959,1762,1011,1927,1007,718,2684,1721,1637,939,1470,1866,821,1383,1005,830,788,1162,549,1052,622,1057,1446,1320,825,810,725,1089,953,255,1317,950,735,2464,1021,819,1706,463,1663,930,443,416,2468,1478,445,742,1132,897,1571,1093,494,995,602,665,598
2018-04-30_x,1527950,79566,23882,49612,26749,27948,35826,25804,67113,33928,11708,6320,15159,19464,28565,8158,11759,7948,13634,20402,13885,12739,10760,8069,11856,6509,12721,13301,8256,12430,9937,12719,5477,7497,2090,9160,12474,9483,5876,4015,11607,5904,8599,4731,5582,5548,4235,2672,7125,6686,3178,3201,3155,5185,3923,5886,2150,2940,6358,3894,2582,3292,3896,2972,4581,5918,1879,3792,4627,4689,2979,2258,5200,3091,4131,10831,5164,1440,6516,2574,2384,2969,2640,1802,16544,3546,2425,2739,4502,1817,6155,4237,3137,3785,2371,2065,2520
2018-04-30_y,405636,13733,9314,12535,8847,6564,7557,8171,10432,11735,4609,4118,5176,6469,10298,6059,5068,3475,3795,6749,3629,5396,2707,3727,5349,3533,2967,4810,3174,2210,3056,4271,2280,3087,1556,2938,2442,4435,1549,1394,3212,1580,1900,2010,1172,2005,1181,880,2807,1781,1564,975,1495,1878,865,1449,1018,949,931,1194,592,1232,813,981,1631,1481,733,982,822,1078,1131,276,1287,1015,782,2784,1097,726,1654,544,1664,972,430,465,2679,1524,483,901,1354,868,1680,1283,496,978,671,698,662
2018-05-31_x,1629488,85571,25855,54147,29538,30197,38655,28735,67572,35692,14014,7338,16866,20289,28970,10042,13581,8749,14634,20962,15117,14542,11372,9334,12778,7451,13431,13772,8962,13435,11061,11967,6233,7807,2510,10295,13261,10323,6602,4525,12146,6224,8995,5049,6245,5967,4439,2988,7672,6958,3695,3574,3552,5190,4146,6079,2318,3362,7160,4158,2812,3597,4298,3143,4803,6144,2112,4096,4551,4963,3150,2302,5370,3354,4455,10607,5520,1598,6855,2801,2885,3292,2780,2005,16247,3821,2528,3171,4566,2097,6334,4455,3349,3891,2525,2551,2870
2018-05-31_y,470682,15595,10327,14944,10177,8315,8743,10200,10448,13465,5873,4644,6713,7013,11458,7049,6328,3727,4693,7307,3952,6106,3172,4189,5973,3789,3415,5575,3254,2784,3857,4605,2754,3629,1719,3495,2936,4723,1969,1722,3472,1862,2373,2293,1507,2369,1336,1049,3078,2103,1768,1256,1977,1996,884,1643,1127,1155,1077,1305,662,1572,935,1198,1856,1722,926,1174,891,1206,1111,295,1505,1185,1018,2853,1320,867,1932,699,1989,1178,582,632,2788,1930,645,1040,1495,1013,1907,1566,668,1201,763,805,851
2018-06-30_x,1702928,90094,27449,56495,31955,31306,40336,28895,66021,37346,15894,7888,18461,20933,28357,11626,15128,9301,15294,20941,15520,16178,11892,10581,13155,8216,13887,13938,9466,14172,12082,10978,6860,7972,2750,11093,13783,11054,7353,4806,12437,6521,9203,5394,6886,6226,4514,3255,8009,7183,4133,3892,3917,5042,4222,6280,2430,3744,7746,4388,3001,3855,4564,3306,4940,6180,2306,4395,4420,5209,3298,2284,5412,3451,4674,10072,5772,1714,6973,3022,3344,3383,2926,2202,15282,4025,2609,3474,4537,2297,6402,4456,3436,3921,2615,2992,3126
2018-06-30_y,496020,16979,10704,17091,10101,9183,8873,11458,10955,13393,8008,4818,6816,6867,10696,7493,7397,3739,4868,7319,5354,6603,3584,4461,6330,3699,3400,5355,3779,2982,4110,4688,2981,3680,1553,3520,3067,4847,2298,1844,3421,1936,2356,2402,1776,2733,1251,1193,3395,2143,1867,1538,2075,1927,951,1612,1176,1509,1414,1284,767,1754,1223,1206,1877,1693,853,1295,889,1152,1269,281,1567,1299,947,2606,1207,880,2057,754,2096,1252,543,813,2326,1948,679,1285,1441,1040,1823,1629,691,1277,880,870,908
2018-07-31_x,1754075,92200,29152,58394,33918,31000,41647,27640,64597,38973,16772,8166,19908,21602,27121,13019,16240,9867,15763,20555,15276,17177,12198,11514,13592,8783,14240,13969,9980,14728,12567,11055,7400,8241,2955,11514,13956,11585,7890,4972,12681,6805,9332,5765,7036,6293,4556,3552,8039,7244,4449,4082,4269,4843,4306,6453,2526,3940,7563,4532,3180,4059,4574,3419,5071,6205,2477,4583,4344,5394,3416,2271,5414,3499,4811,9413,5883,1828,6933,3227,3734,3461,3010,2334,14392,4106,2713,3592,4497,2426,6378,4572,3449,3930,2651,3292,3363
2018-07-31_y,470012,18675,9806,15395,10195,9036,8595,9998,10201,12663,7148,4242,7425,6422,9774,6818,7482,3443,4729,6798,3472,6203,3514,4093,5601,3478,3253,5096,3543,2751,3840,4600,2992,3688,1397,3399,3005,4608,2082,1861,3349,1751,2287,2294,1750,2578,1298,1277,3179,2007,1636,1460,2066,1678,844,1647,1032,1378,1321,1235,769,1685,1090,1124,1809,1655,855,1305,942,1279,1265,251,1435,1108,975,2297,1224,732,1856,796,1898,1061,499,807,2182,1812,605,1240,1286,972,1588,1561,633,1134,916,817,876
2018-08-31_x,1778632,91703,30220,59368,35089,30122,42086,26110,63481,40149,16635,8166,21165,21926,26100,13731,16760,10311,15981,20263,14840,17736,12270,12113,13789,9164,14484,14046,10200,14920,12714,11501,7690,8665,3029,11594,13856,11986,8183,4951,12792,6969,9289,5987,7085,6289,4494,3715,7933,7259,4701,4194,4539,4686,4336,6586,2603,4033,7368,4623,3223,4188,4572,3541,5184,6222,2591,4647,4261,5467,3518,2294,5418,3242,4873,8945,5944,1949,6804,3372,3910,3241,3073,2384,13715,4324,2819,3586,4527,2555,6370,4640,3356,3903,2656,3419,3477
2018-08-31_y,484951,20168,10305,14871,9997,8945,8530,9907,9865,12484,7594,4162,7631,6751,9586,6634,7307,3639,4565,6960,4637,6017,3605,4549,5995,3632,3330,5281,3470,2816,3788,4553,2938,3819,1472,3290,2985,4882,2256,1918,3212,1861,2525,2598,1735,2565,1345,1335,3199,2047,1797,1690,2135,1698,1017,1664,1152,1459,1349,1258,826,1762,1059,1152,1853,1672,918,1441,899,1134,1228,304,1559,1207,975,2487,1217,896,1892,940,1999,1167,445,794,2234,1887,701,1120,1438,1047,1831,1557,572,1202,907,833,808
2018-09-30_x,1767533,90473,30765,59210,35141,29338,41349,25707,62926,39923,16756,8452,21773,22020,25370,14268,16745,10588,15819,19922,14572,17801,11977,12324,13498,9286,14269,14098,10274,14795,12330,12148,7684,8758,3165,11270,13372,12083,8279,4932,12662,6931,9072,6017,6917,6161,4335,3784,7610,7132,4882,4176,4630,4536,4293,6525,2644,4067,7164,4582,3239,4214,4526,3564,5206,6163,2637,4626,4176,5362,3580,2321,5223,3011,4812,8572,5913,2044,6521,3385,3938,3061,3031,2377,13302,4457,2854,3482,4608,2654,6301,4649,3229,3842,2602,3430,3481
2018-09-30_y,383926,15781,7734,11914,7661,7340,6726,7548,8053,10511,5105,3280,6536,5607,8161,5280,6055,2727,3619,5577,3649,4805,2795,3462,4765,2823,2526,4348,3017,2178,2988,3708,2256,3187,1178,2456,2188,3874,1789,1419,2862,1512,2102,2105,1239,1789,1020,1149,2395,1598,1478,1111,1768,1426,866,1389,894,1161,947,1058,697,1463,794,937,1568,1352,659,991,693,969,893,256,1121,952,753,1871,924,704,1278,751,1526,885,400,568,1745,1400,471,840,1140,762,1436,1096,450,878,667,638,634
2018-10-31_x,1747062,89709,30990,58454,34278,29133,40317,25519,63433,39398,17161,8897,21959,22083,25597,14452,16463,10646,15649,19977,14420,17821,11712,12197,13220,9312,13888,14209,10204,14406,11716,11769,7611,8840,3274,10901,12994,12162,8314,4893,12440,6793,8772,6032,6846,6085,4215,3720,7573,6991,5057,4084,4593,4557,4216,6367,2670,4150,7020,4495,3212,4171,4465,3531,5143,6079,2628,4610,4112,5283,3626,2389,5044,2781,4672,8579,5856,2100,6520,3268,3793,2835,3038,2377,13406,4498,2824,3350,4692,2749,6296,4661,3139,3768,2538,3505,3510
2018-10-31_y,413966,17012,8614,12272,8007,7797,7118,8304,8925,10440,5316,3992,6559,6029,8630,5534,6892,3010,3992,5916,3788,5202,3003,3654,4740,3059,2649,4780,2850,2356,3156,3877,2574,3194,1268,2513,2367,4076,1929,1493,2961,1675,2225,2011,1422,2063,1081,1309,2588,1725,1501,1399,1971,1561,763,1421,977,1224,973,1087,699,1622,963,1071,1664,1452,798,1224,729,955,1072,257,1187,979,842,2056,1025,825,1602,918,1706,960,419,599,1726,1565,580,858,1331,852,1553,1245,442,897,792,656,634
2018-11-30_x,1690115,87476,30469,55696,33045,28514,38765,24616,64091,38198,16901,8788,21139,21951,25785,13745,15253,10418,15013,20052,14011,17087,11218,11553,12643,8819,13418,14097,9853,13760,10796,12096,7192,8571,3180,10392,12488,11992,8016,4697,12150,6523,8464,5934,6590,5838,4085,3482,7332,6701,4973,3838,4346,4644,4171,6039,2593,4013,6769,4274,3123,4038,4257,3370,4954,5884,2503,4475,4060,5180,3543,2394,4829,2686,4405,8857,5692,2040,6440,3037,3542,2721,2985,2280,13931,4339,2674,3123,4731,2656,6290,4530,3029,3669,2395,3539,3444
2018-11-30_y,362478,14844,7643,10739,6995,6909,6056,7477,8075,9703,5404,3453,5550,5530,7890,5032,5465,2795,3365,5853,3248,4431,2613,3322,4422,2656,2404,3975,2535,2091,2792,3455,2162,2681,1179,2275,2004,3474,1778,1233,2778,1364,1845,1770,1226,1798,915,1058,2565,1500,1332,1142,1542,1362,726,1334,906,1103,907,977,616,1230,784,951,1407,1286,637,1002,669,805,896,209,1035,904,742,2014,899,717,1253,661,1406,928,325,600,1845,1332,406,707,1148,825,1280,1171,373,807,673,613,563
2018-12-31_x,1593189,82261,28699,50854,31080,26942,37122,22276,64559,36428,15058,7639,19637,21271,25480,11900,13244,9787,13970,19933,13179,15252,10509,10392,11858,7933,12976,13789,9179,12746,9641,11937,6535,8013,2746,9790,11870,11529,7367,4331,11664,6295,8030,5633,6033,5394,3937,3128,7020,6267,4622,3440,3968,4687,4115,5641,2455,3619,6172,3962,2912,3711,3917,3130,4661,5599,2298,4164,3947,5038,3303,2381,4614,2566,3998,9214,5412,1886,6337,2740,3165,2532,2870,2085,14686,4004,2458,2768,4686,2440,6261,4270,2877,3547,2201,3480,3232
2018-12-31_y,341188,14676,7255,9404,7268,6538,6647,7452,8063,9525,4470,2824,4687,5012,7857,4594,4713,2525,3188,5520,3068,4336,2510,2795,4383,2296,2413,4351,2316,1898,2390,3269,2120,2656,955,2525,2117,3456,1449,1133,2810,1289,1805,1584,1193,1731,837,1068,2505,1450,1211,1045,1317,1367,,1201,932,1022,930,920,528,1077,709,831,1338,1318,607,951,710,726,858,236,1178,844,657,1998,856,725,1368,580,1351,872,322,534,1739,1067,401,618,1188,670,1468,1030,406,809,705,555,556
2019-01-31_x,1505003,77014,27066,46124,29607,25202,36112,19451,66017,35015,13011,6397,18079,20717,25811,10225,11301,9239,12684,20297,12173,13737,9781,9421,11254,7057,12725,13706,8485,11690,8983,12098,5840,7343,2318,9178,11344,11078,6574,3861,11447,6105,7618,5292,5404,4948,3835,2786,6756,5920,4247,3041,3595,4831,4116,5339,2325,3142,5588,3636,2679,3393,3562,2978,4387,5392,2130,3831,3841,4931,2980,2420,4430,2468,3585,9907,5177,1729,6188,2449,2821,2348,2733,1856,15887,3696,2251,2438,4858,2236,6374,4033,2734,3481,1989,3341,2870
2019-01-31_y,270802,13751,5532,7004,5159,5427,4473,6525,6578,7036,3353,2018,4879,4075,6413,3407,3584,1819,2492,4665,3118,3495,1871,2322,3422,1892,1800,3622,1922,1426,1859,2720,1776,1783,702,1729,1729,2844,1163,807,2234,1141,1539,1463,844,1398,711,721,1737,1107,939,779,1153,1086,613,996,707,759,686,798,428,892,526,670,1103,851,496,731,607,685,611,219,838,736,479,1542,645,521,1168,496,1133,680,226,391,1479,899,271,384,1059,553,1050,704,293,710,456,475,386
2019-02-28_x,1456490,74793,26234,44318,28931,24047,35806,17750,67963,35841,11829,5998,16849,20292,26561,9009,10193,8896,11737,20764,11419,12982,9290,8771,11063,6477,12637,13830,7978,11064,8523,12407,5327,6840,2213,8797,11061,10754,6056,3531,11505,6044,7208,4992,5010,4676,3811,2548,6668,5714,3935,2776,3299,4899,4160,5166,2266,2806,5360,3400,2496,3119,3352,2892,4219,5252,2045,3603,3763,4907,2726,2490,4267,2394,3300,10490,5064,1616,6205,2257,2567,2248,2605,1709,16935,3457,2084,2277,5070,2125,6515,3849,2679,3468,1843,3211,2608
2019-02-28_y,280611,11042,5842,7089,6231,4667,5123,5570,6539,8618,3051,2373,4060,4302,7702,4108,3335,2189,2411,4961,2426,3720,1758,2635,3674,2215,2127,3408,1817,1396,1972,3019,1599,1992,829,2141,1787,2978,1083,900,2310,1167,1605,1361,714,1401,747,621,2104,1324,1053,700,1170,1308,593,1104,647,687,601,793,351,898,525,662,1101,1167,522,689,544,782,587,233,939,796,490,1794,824,572,1291,399,1223,690,299,332,1796,1033,298,519,967,630,1104,701,366,712,455,466,435
2019-03-31_x,1502950,78474,27531,47328,30484,25022,37384,18851,70824,37695,12612,6786,16885,20867,28617,9535,10570,9250,11971,21720,11856,13914,9451,9083,12138,6579,13333,14413,8103,11372,8752,13289,5449,6953,2537,9156,11449,11022,6065,3542,12198,6185,7190,5085,5116,4846,3960,2572,7039,5902,4100,2802,3294,5170,4345,5210,2358,2805,5727,3414,2487,3109,3452,2999,4319,5510,2147,3647,3803,5107,2679,2596,4360,2495,3360,11187,5217,1654,6592,2259,2607,2391,2626,1725,17883,3523,2097,2416,5411,2218,6816,3909,2808,3568,1849,3342,2671
2019-03-31_y,359635,12246,7967,9478,8210,5905,6965,7636,8967,11172,4090,3292,5000,5644,9660,4898,4176,2803,3223,6682,3239,4886,2365,3204,4968,2729,2778,4231,2448,1830,2589,3777,2036,2673,1267,2698,2381,3878,1433,1170,2931,1416,2152,1736,996,2027,912,758,2722,1710,1301,859,1413,1769,739,1490,929,825,768,1079,423,1011,650,881,1470,1477,665,844,752,924,731,286,1199,978,617,2443,963,743,1647,452,1468,902,351,438,2095,1235,366,643,1289,816,1491,892,468,1011,595,634,622
2019-04-30_x,1569397,84310,28810,52328,32445,26718,38962,21174,71333,39529,14109,7822,17455,21215,29637,10328,11778,9580,12666,21605,12852,15197,9781,9652,12892,7012,14082,14583,8412,12113,9252,13786,5689,7229,2957,9750,12012,11475,6425,3710,12931,6260,7393,5217,5492,5104,4095,2673,7352,6109,4358,2976,3441,5281,4513,5304,2448,2989,6323,3557,2552,3253,3707,3075,4458,5701,2272,3793,3817,5290,2682,2592,4402,2557,3569,11118,5409,1743,6888,2375,2800,2545,2690,1813,17929,3772,2167,2701,5417,2334,6829,4068,2916,3618,1948,3550,2931
2019-04-30_y,403478,13427,8931,11255,9007,6675,7622,8872,9847,11887,4696,3965,5636,6166,10801,5835,4914,3302,3730,6962,3532,5592,2666,3616,5359,3053,2979,4937,2910,2238,3048,4126,2421,2967,1385,3066,2581,4303,1570,1217,3412,1599,2266,1895,1253,2025,1005,828,2853,1904,1548,1001,1612,1977,777,1653,968,999,882,1223,457,1132,795,980,1637,1578,815,997,805,1058,915,334,1310,1049,778,2620,1038,770,1680,522,1704,970,417,581,2482,1481,458,749,1489,827,1677,1135,524,1018,664,728,692
2019-05-31_x,1661636,91121,30490,57243,34882,28652,41059,23920,70945,40604,16395,8823,18998,21619,30094,12288,13786,10086,13693,21370,14118,17261,10333,10847,13913,7817,14921,14747,8916,13146,9932,14393,6340,7826,3385,10495,12709,12201,7045,4075,13406,6342,7681,5511,6074,5529,4271,2952,7865,6365,4813,3284,3814,5291,4678,5394,2583,3387,7051,3747,2755,3567,4077,3211,4639,6089,2466,4023,3802,5450,2760,2578,4586,2685,3940,10742,5374,1867,7185,2560,3187,2702,2766,1988,17352,4108,2294,3102,5325,2547,6781,4340,3013,3710,2125,3882,3333
2019-05-31_y,470160,15260,9896,13336,10286,8144,8901,10316,10971,13693,6326,4799,6898,6833,11599,6638,6484,3455,4558,7305,4088,6133,3235,4343,5966,3548,3567,5112,3219,2746,3828,4539,2908,3569,1570,3610,3109,4998,2145,1426,3683,1745,2841,2200,1534,2481,1247,1005,3310,2034,1863,1226,1983,2226,850,1835,1038,1185,1193,1420,520,1445,1028,1038,1966,1766,876,1232,972,1173,1117,359,1537,1201,891,2854,1205,879,1898,611,1917,1143,475,656,2750,1763,604,1005,1575,1070,1886,1413,594,1138,738,841,834
2019-06-30_x,1733260,95737,31413,60415,37292,29745,43275,25376,69348,42431,17939,9346,20675,21670,29328,13767,15799,10404,14284,21119,14876,19085,10729,11839,14394,8575,15720,14911,9372,13952,10358,14707,6861,8375,3661,11247,13108,12868,7551,4405,13683,6339,8010,5729,6488,5814,4506,3240,8443,6599,5139,3581,4236,5166,4768,5499,2683,3747,7502,3966,2939,3869,4320,3335,4753,6407,2599,4199,3862,5568,2842,2557,4858,2759,4249,10191,5242,2007,7400,2715,3600,2740,2812,2113,16492,4369,2379,3414,5304,2732,6703,4523,3046,3821,2272,4132,3447
2019-06-30_y,456339,16319,9453,14210,9319,8734,8308,10476,9570,12633,7055,4099,6852,6102,10412,6581,7148,3190,4491,6931,4675,6021,3181,4108,5721,3259,3312,4656,3260,2593,3889,4009,2839,3470,1347,3285,3020,4791,2197,1551,3655,1825,2480,2234,1816,2648,1170,1027,3113,1953,1712,1265,2063,1899,788,1625,1008,1366,1279,1211,560,1486,1105,971,1806,1620,858,1274,764,1069,1068,315,1505,1068,935,2397,1096,778,1995,756,1949,1137,438,768,2053,1650,590,1127,1357,1014,1549,1467,560,1162,898,798,766
2019-07-31_x,1777903,97294,32109,61758,39353,30281,45110,25649,67787,43934,18306,9506,22265,21661,27790,14756,17075,10671,14572,21063,15127,20124,10807,12588,15049,9097,16461,15068,9648,14538,10556,14944,7324,8875,3784,11782,13202,13463,7770,4671,13554,6400,8213,5934,6712,5995,4629,3482,8752,6776,5280,3782,4568,4945,4862,5537,2742,3916,7671,4105,3073,4014,4426,3442,4768,6776,2708,4282,3925,5646,2947,2563,5221,2858,4498,9666,5028,2122,7511,2842,3898,2771,2771,2190,15431,4485,2411,3561,5333,2864,6695,4631,3061,3943,2343,4276,3445
2019-07-31_y,474811,18781,9820,14057,10300,8942,9076,9824,10504,12697,6947,4054,7061,6519,10366,6611,7366,3479,4611,7017,3915,6161,3345,4421,5519,3519,3423,5015,3295,2648,3896,4417,2933,3717,1337,3523,3253,5036,2265,1689,3515,1857,2621,2394,1721,2491,1226,1232,3169,1843,1791,1492,2211,1917,944,1726,1056,1339,1348,1322,635,1511,1173,1196,1921,1721,918,1309,862,1174,1111,295,1534,1186,929,2335,1219,848,2043,853,2014,1111,440,775,2201,1650,552,1187,1443,1065,1681,1408,634,1300,862,884,820
2019-08-31_x,1788407,95790,31955,62230,40407,29796,46141,24792,66018,44789,17445,9174,23432,21631,26162,14612,17513,10685,14633,20854,14937,20311,10730,12788,15172,9356,16917,14995,9773,14734,10618,14909,7520,9214,3673,12059,13006,13641,7765,4761,13361,6424,8422,6039,6710,5979,4731,3609,8907,6895,5317,3825,4746,4766,4915,5558,2773,3897,7426,4191,3117,4092,4382,3503,4776,7020,2694,4295,4003,5730,3006,2560,5460,2906,4564,9252,4966,2200,7527,2922,4051,2769,2753,2191,14558,4533,2451,3542,5433,2930,6665,4727,3029,4001,2354,4368,3305
2019-08-31_y,463632,18716,9999,13298,9785,8497,8542,9425,9291,12161,6991,3966,7166,6551,10018,6340,7436,3327,4413,6707,4336,5399,3287,4395,5669,3323,3395,4975,3114,2678,3781,4285,2807,3595,1358,3276,2925,4723,2186,1583,3441,1799,2654,2284,1666,2403,1106,1323,3055,1861,1734,1607,2082,1820,900,1695,1036,1461,1295,1344,693,1585,1096,1245,1822,1694,914,1345,838,1108,1046,293,1477,1143,939,2213,1130,867,1850,868,1928,1081,412,770,1976,1584,529,1009,1453,1029,1605,1358,505,1056,849,918,802
2019-09-30_x,1769611,94040,31419,61896,39837,29068,45294,24092,64438,44702,17038,9173,23967,21348,24747,14017,17350,10394,14587,20317,14648,19904,10586,12641,15020,9316,16755,14579,9719,14614,10569,14669,7540,9352,3549,11857,12593,13618,7747,4753,12917,6357,8288,6093,6660,5930,4610,3631,8739,6815,5210,3802,4790,4606,4928,5440,2757,3858,7222,4121,3135,4130,4279,3467,4712,7040,2589,4229,3949,5676,2979,2542,5428,2904,4548,8789,5008,2221,7265,2925,3979,2778,2679,2180,13792,4524,2449,3468,5417,2969,6547,4802,2962,4002,2345,4288,3304
2019-09-30_y,400164,16335,8842,11227,8481,7206,7312,7743,8226,10523,5259,3274,6464,5671,9245,5303,6009,2965,3636,5583,3806,5143,2761,3669,4772,2955,2777,4103,2799,2124,3119,3904,2406,3126,1119,2792,2447,4336,1858,1398,2987,1592,2189,1968,1428,2092,1029,1153,2576,1622,1502,1307,1824,1597,875,1562,921,1207,984,1143,592,1224,861,1092,1639,1519,785,1137,722,934,979,287,1195,947,759,1920,1046,741,1430,770,1763,870,324,676,1754,1352,421,756,1297,843,1357,1212,476,929,680,726,649
2019-10-31_x,1739592,92028,30440,60853,38705,28112,43961,23609,63861,44409,17072,9200,23959,21091,24369,13189,17051,9963,14617,20058,14417,19308,10581,12140,14828,9029,16428,14381,9574,14313,10446,14396,7505,9390,3401,11502,12092,13540,7738,4684,12687,6266,8045,6115,6550,5946,4479,3588,8745,6620,5080,3731,4780,4569,4876,5271,2732,3839,7049,4056,3116,4169,4154,3416,4711,6919,2423,4129,3918,5579,2948,2532,5249,2846,4468,8648,5049,2205,7152,2861,3825,2763,2642,2161,13594,4510,2465,3398,5466,2981,6485,4826,2906,3949,2342,4213,3207
2019-10-31_y,416444,16711,9423,10855,8489,7383,7469,8891,8687,10574,5540,4033,6893,6158,9309,5635,6297,3005,3857,6065,3860,5154,2760,3885,4832,3203,2846,4341,2995,2208,3220,3987,2430,3314,1285,2809,2561,4528,1981,1402,2894,1600,2397,2031,1430,2151,1104,1196,2862,1534,1615,1293,1903,1663,895,1542,969,1333,1046,1107,599,1282,875,1053,1661,1533,867,1179,790,1004,975,314,1253,1063,771,2082,1040,887,1640,844,1743,1026,324,668,1854,1425,489,728,1282,947,1398,1215,489,985,789,757,661
2019-11-30_x,1666157,88515,28397,57604,36959,26946,42092,22545,63501,43002,16466,8699,22827,20349,23821,11637,15916,9167,14259,19716,13848,17584,10278,11158,14130,8254,15886,14094,9133,13588,9993,13780,7131,9033,3045,10830,11416,13195,7403,4413,12331,6044,7636,5948,6223,5767,4212,3387,8493,6286,4680,3538,4538,4547,4742,5003,2621,3662,6753,3884,2973,4004,3890,3284,4624,6604,2250,3899,3854,5382,2825,2503,4991,2741,4280,8747,5016,2109,6865,2642,3466,2692,2513,2062,13734,4355,2406,3191,5420,2830,6426,4719,2852,3778,2280,3950,2984
2019-11-30_y,353634,14542,8138,9244,7187,6167,6466,7105,7391,9292,5179,3414,5640,5163,8298,4715,5107,2703,3039,5433,3166,4276,2497,3355,4159,2672,2461,3637,2405,1822,2703,3418,2081,2704,1228,2476,2242,3877,1821,1113,2532,1292,1880,1748,1258,1848,847,1083,2576,1352,1359,1111,1634,1525,824,1264,852,1131,892,994,540,1220,807,814,1416,1227,701,1076,639,819,847,288,1066,875,595,1891,821,736,1409,687,1424,822,318,559,1617,1212,399,705,1156,793,1294,1010,379,833,638,626,568
2019-12-31_x,1550091,81482,25168,52145,34552,24847,40161,20045,63100,40753,14080,7099,20862,19146,22823,9364,13862,8148,13273,19036,12649,14961,9590,9702,12933,7132,15288,13608,8315,12523,9130,12848,6470,8335,2435,9817,10614,12473,6741,3979,11919,5722,7190,5478,5644,5358,3925,3013,8035,5830,4088,3167,4094,4433,4559,4702,2420,3218,6096,3584,2692,3645,3500,3077,4394,6191,2003,3564,3772,5159,2598,2449,4743,2560,3966,8883,4779,1907,6585,2337,3049,2517,2349,1838,13937,4029,2277,2853,5255,2519,6293,4475,2765,3550,2134,3608,2659
2019-12-31_y,376266,15878,8780,9375,8546,6812,7787,7935,8909,10567,5430,3451,4862,5431,8779,4892,5030,2797,3482,6492,3418,4821,2476,3388,4580,2717,2900,4475,2442,1831,2902,3803,2112,3146,1207,2926,2297,4085,1869,1012,3127,1435,2022,1913,1368,2018,831,1025,2887,1453,1311,1109,1603,1691,848,1255,977,1131,1048,1049,491,1082,826,788,1580,1448,665,1082,755,902,834,280,1231,929,587,2228,888,800,1592,647,1550,820,324,629,2054,1209,447,644,1302,801,1663,1072,446,944,663,647,656
2020-01-31_x,1446610,75069,22395,47386,32346,22690,38870,17725,63327,38927,11591,5570,18899,18079,22062,7526,11809,7344,12110,18750,11387,12812,8969,8573,11929,6240,14757,13184,7638,11294,8220,12016,5813,7650,1898,9070,9951,11620,6040,3475,11526,5432,6863,5058,5072,4948,3736,2666,7704,5548,3552,2787,3612,4397,4350,4474,2243,2780,5432,3263,2413,3302,3139,2877,4138,5921,1833,3240,3696,5031,2382,2422,4654,2408,3604,9344,4552,1686,6343,2037,2708,2399,2221,1608,14441,3674,2124,2504,5186,2201,6319,4214,2679,3408,1972,3279,2450
2020-01-31_y,295208,14818,6668,7462,6140,5699,5091,6578,7882,7196,3849,2176,5191,4647,7098,3315,4057,2241,2485,4300,2987,3372,1752,2593,3309,2187,2164,3375,1830,1377,2093,3434,1598,2023,776,1903,1820,3117,1374,938,2316,1176,1592,1319,1012,1402,813,856,2015,1202,966,804,1408,1371,655,1059,691,890,863,879,429,795,692,739,1142,1010,555,805,672,773,736,294,935,760,439,1658,716,631,1292,487,1122,734,261,438,1848,1055,319,489,999,633,1158,803,326,732,555,450,451
2020-02-29_x,1396717,72643,21342,46028,31448,21667,38671,16794,64071,38213,10503,5203,17626,17456,21923,6825,10896,7034,11360,18773,10694,11826,8592,7970,11480,5896,14660,13066,7161,10453,7670,11379,5335,7175,1788,8722,9684,11194,5613,3267,11579,5213,6654,4759,4730,4764,3612,2428,7534,5404,3209,2578,3300,4392,4256,4385,2130,2511,5204,3047,2225,3132,2970,2767,3895,5794,1757,3021,3745,4998,2223,2440,4582,2301,3338,9794,4479,1552,6311,1854,2551,2327,2167,1485,14800,3476,2025,2370,5205,1988,6391,4058,2617,3416,1836,3051,2321
2020-02-29_y,288863,12533,6649,6889,6977,4553,5925,6025,6344,8777,3113,2369,4253,4486,7885,3642,3410,2391,2304,4998,2620,3579,1685,2887,3576,2213,2441,3160,1807,1465,2077,3520,1564,2122,914,2427,1794,3332,1254,749,2470,1169,1688,1434,885,1470,789,609,2285,1242,1120,662,1234,1548,551,1001,730,747,683,896,351,795,598,697,1161,1085,556,667,579,772,606,257,965,793,486,1892,805,564,1272,343,1206,705,260,355,1754,1124,280,451,1015,660,1179,748,399,803,488,558,489
2020-03-31_x,1422331,74852,21894,47885,32138,21816,39756,17996,65045,39298,11153,5748,17174,17409,23051,7537,11656,7297,11606,19398,10863,12764,8465,8399,12016,6187,15003,13337,7210,10315,7748,11307,5355,7145,2002,9145,10013,11358,5567,3391,12038,5193,6738,4746,4738,4948,3688,2365,7826,5551,3375,2570,3267,4552,4315,4518,2150,2554,5417,3079,2175,3311,3037,2819,3877,5887,1842,2951,3828,5120,2244,2495,4671,2341,3310,10184,4591,1547,6502,1794,2741,2453,2215,1515,15104,3571,2012,2542,5311,2079,6615,4164,2654,3472,1764,3167,2381
2020-03-31_y,369263,12833,8012,8733,8719,6064,7784,8011,9472,10641,4213,3118,4880,5638,9603,4734,4451,2914,3106,7064,3251,4778,2263,3506,4841,2749,3055,4323,2406,1917,2823,4134,1912,2953,1084,3039,2463,4246,1576,1052,3294,1466,2190,1812,1175,2012,964,641,2870,1587,1271,775,1507,1901,673,1327,839,926,864,1062,364,1082,715,872,1647,1523,705,900,720,1027,770,315,1291,961,588,2542,1015,700,1683,424,1490,936,315,468,2555,1508,380,673,1239,771,1608,1028,491,959,512,737,704
2020-04-30_x,1409811,72503,21581,47807,32267,20737,39863,18521,62900,39642,11435,5969,15680,16697,23327,8201,12481,7273,11541,18939,10710,13250,7803,8724,11981,6388,15038,13093,7091,10051,7732,11133,5311,6930,2151,9447,10169,11489,5437,3590,12053,5094,6702,4593,4587,5027,3638,2170,7818,5509,3627,2468,3082,4454,4295,4493,2107,2533,5437,3058,2058,3438,2990,2814,3808,5898,1851,2669,3816,5073,2200,2460,4545,2326,3220,9795,4636,1531,6486,1679,2866,2440,2211,1498,14425,3674,1952,2732,5151,2190,6492,4250,2635,3362,1596,3347,2386
2020-04-30_y,326511,10011,5843,9226,7503,5415,6317,7808,7298,9234,4255,2337,3479,4253,7817,4112,5064,2320,3091,5346,3259,4171,1896,3037,4085,2202,2753,3329,2291,1824,2929,2984,1818,2812,864,2413,2437,3573,1436,1253,2788,1425,1994,1690,1236,1976,849,714,2532,1455,1145,845,1279,1616,550,1319,760,970,884,1057,333,1102,721,773,1427,1272,545,745,675,946,737,253,1024,862,626,1928,968,605,1483,468,1424,950,305,472,2025,1353,365,758,1055,797,1300,1125,427,935,517,648,575
2020-05-31_x,1431105,70717,22002,48190,33239,20468,40550,19201,61568,41049,12256,6510,16123,16444,23611,9133,13569,7508,11670,18836,10802,15117,7915,9447,12413,6819,15319,13248,7304,10059,7941,11512,5514,7017,2399,10187,10329,12019,5511,3780,12056,5130,6938,4613,4597,5116,3746,2173,7967,5577,4052,2525,3330,4377,4264,4530,2086,2641,5562,3138,2062,3653,3008,2878,3848,5960,1922,2622,3726,5074,2221,2415,4534,2386,3228,9343,4698,1563,6616,1675,3251,2447,2241,1525,13810,3938,1952,2921,5071,2374,6471,4414,2633,3222,1600,3705,2644
2020-05-31_y,313547,10391,4795,8539,7249,4874,6252,7388,5279,8874,4156,2038,3189,3783,7558,4132,4926,1980,3178,4837,3280,3428,1380,2973,4139,2178,2712,2980,2357,1857,3001,2515,2240,2692,704,2387,2488,3491,1564,1110,2507,1348,2024,1625,1368,2004,789,670,2524,1522,1474,870,917,1590,475,1343,697,1003,992,1014,412,1237,776,714,1429,1299,392,595,664,879,785,255,1066,868,644,1510,1012,478,1487,492,1313,936,294,543,1443,1256,361,797,821,924,1103,1226,501,955,396,732,474
2020-06-30_x,1429933,70287,22995,48729,33815,20682,40348,18915,60789,41291,13138,7297,16789,16024,22926,9685,14019,7624,11413,18158,10552,16135,8287,9735,12023,7143,15332,13355,7387,9986,7912,11782,5580,6948,2658,10458,10106,12381,5556,3943,11627,4993,6960,4540,4583,4988,3652,2339,7672,5521,4178,2679,3505,4128,4207,4445,1986,2696,5729,3084,2131,3629,3002,2841,3788,5848,1992,2733,3591,4950,2186,2284,4298,2354,3189,8835,4663,1555,6572,1751,3541,2314,2189,1526,13026,3979,1932,2974,4908,2332,6242,4340,2529,2982,1676,3752,2867
2020-06-30_y,425470,12683,7034,10794,10507,6075,9087,9443,7139,12399,5466,3396,5265,5472,9896,5715,6218,3081,4109,6471,4898,5543,1940,3995,5506,3225,3732,3975,3018,2393,3783,3487,2577,3404,1217,3598,3200,4795,1886,1447,3380,1676,2843,2150,1560,2385,1182,693,3124,1880,1856,904,1777,1976,587,1758,929,1184,1139,1237,371,1582,937,993,1829,1731,698,721,846,1304,985,349,1618,1126,782,2071,1231,687,1947,509,1940,1076,409,613,1952,1712,520,1036,1237,1095,1676,1680,648,1206,553,993,906
2020-07-31_x,1454172,76404,25045,51277,34703,22081,40349,19295,61367,41277,14385,8584,18562,15708,22191,10539,14633,7954,11594,17699,10590,17330,9038,10188,11766,7369,15323,13686,7541,10352,7978,12072,5749,7022,2993,10640,9939,12716,5785,4221,11291,4885,6974,4524,4765,4865,3597,2660,7456,5526,4149,2962,3859,3918,4314,4400,1925,2747,6162,3087,2284,3604,3120,2848,3686,5732,2095,3019,3430,4866,2218,2151,4107,2340,3315,8493,4703,1546,6488,1899,3898,2253,2167,1566,12441,3861,1939,3083,4849,2248,6009,4263,2455,2891,1831,3584,3072
2020-07-31_y,504566,15211,9535,13934,12387,8688,10649,10408,9347,13516,7198,4328,7548,6861,10683,6561,7152,3782,4350,7487,4746,6774,3667,4972,6115,3952,4065,4737,3425,2846,4355,4431,2832,4104,1481,4069,3567,5077,2359,1717,4075,1952,3050,2468,2008,2537,1344,883,3338,2131,2046,1264,2298,2158,753,1938,954,1444,1818,1570,594,1769,1302,1216,2026,1705,917,1320,914,1434,1072,371,1588,1281,1032,2634,1402,830,2300,643,2150,1179,457,809,2265,1979,557,1050,1360,1185,1903,1770,696,1241,864,1029,984
2020-08-31_x,1424235,80346,26022,51927,33521,22264,38650,19023,60587,39586,14592,9181,18512,14852,21214,11141,14670,7900,11442,16609,10205,16834,8965,10164,11012,7146,14717,13493,7427,10543,7725,12077,5733,6875,3095,10098,9561,12456,5770,4475,10583,4639,6697,4350,4738,4649,,2856,7006,5395,3946,3102,3776,3693,4382,4295,1838,2670,6192,2985,2351,3417,3147,2790,3479,5494,2046,3060,3279,4641,2233,1963,,2222,3364,7996,4651,1465,6129,1967,3936,2163,2114,1545,11745,,1892,3099,4616,2061,5545,4024,2311,2729,1815,3178,3001
2020-08-31_y,487233,17261,9627,14129,11215,9280,9081,9969,9780,12641,7215,4209,8264,6591,9435,6376,6808,3620,6889,6904,4807,5945,3605,4631,5389,3740,3580,4564,3264,2756,3733,4039,2686,3670,1399,3637,3513,4928,2283,1709,3585,1755,2757,2353,2107,2398,1228,1153,2843,1928,1798,1419,2124,1829,745,1761,963,1469,1990,1345,639,1498,1280,1017,1853,1616,991,1432,880,1249,1172,369,1478,1141,945,2602,1276,783,2086,817,1951,1107,379,756,2439,1796,591,1060,1300,1059,1842,1685,606,1107,998,940,936
2020-09-30_x,1379006,81775,26415,51050,31439,21633,36700,19030,59551,37385,14515,9587,17966,14165,20884,11455,14553,7754,11339,15731,9940,15902,8780,9825,10539,6831,13937,13153,7250,10501,7483,12062,5665,6866,3172,9509,9201,11875,5668,4612,9851,4457,6409,4254,4737,4527,,2825,6618,5277,3711,3065,3556,3651,4370,4121,1790,2555,6067,2913,2350,3261,3164,2763,3322,5258,1949,2970,3131,4383,2268,,,2167,3321,7542,4487,1403,5772,1955,3778,2106,2122,1537,11167,,1856,3056,4435,1881,5170,3842,2176,2625,1688,2834,2933
2020-09-30_y,487819,18356,10288,14531,10251,9032,9058,10081,9709,12259,6676,4392,8135,6743,9658,6739,7545,3808,4582,6830,4836,6157,3474,4872,5396,3775,3439,4453,3281,2600,3823,4300,2859,3767,1491,3461,3437,4875,2411,1731,3650,1711,2656,2039,1943,2335,1287,1291,2777,1966,1768,1531,2162,2003,833,1813,918,1364,1850,1342,687,1452,1295,1157,1856,1660,988,1382,732,1243,1139,360,1399,1122,937,2530,1275,818,2104,815,2001,1033,338,766,2331,1708,597,1077,1375,1047,1810,1495,630,1173,931,916,918
2020-10-31_x,1338265,80888,26403,49750,30134,21176,35156,19098,59272,35786,14496,9980,17367,13963,21422,11458,14326,7622,11256,15496,9789,15004,8481,9440,10350,6698,13446,13057,7098,10241,7429,12121,5690,7015,3269,8994,8904,11341,5529,4658,9316,4275,6159,4269,4744,4495,,2725,6298,5195,3543,2993,3477,3767,4314,4075,1757,2551,5834,2879,2345,3136,3154,2693,3328,5127,1833,2924,3078,4162,2307,,,2149,3201,7338,4310,1377,5644,1912,3594,2096,2129,1557,10857,,1859,2991,4295,1806,4955,3778,2073,2484,1656,2597,2786
2020-10-31_y,498086,21274,10678,18282,9817,9638,9107,10300,10669,12312,6780,4444,8041,6959,10105,6930,7862,3696,4119,6955,5572,6102,3175,4719,5398,3717,3347,4522,3295,2595,3813,4182,3009,3676,1653,3294,3171,4519,2416,1646,3596,1697,2229,2246,2062,2455,1130,1409,2823,1827,1785,1497,2215,2123,780,1868,976,1536,1895,1353,669,1576,1372,1151,1815,1653,984,1555,720,1229,1149,357,1478,1210,972,2664,1327,875,2237,885,1955,1120,355,753,2786,1656,569,945,1427,979,1749,1558,656,1120,868,888,903
2020-11-30_x,1260282,77552,25334,46523,28398,20147,33132,18418,58357,33465,13687,9609,15970,13338,21277,10363,13080,7147,10776,15042,9270,13190,7919,8493,9798,6224,12651,12636,6684,9580,7072,11677,5406,6858,3129,8264,8520,10603,5237,4443,8733,4059,5717,4176,4542,4335,2770,2454,5697,5008,3157,2713,3192,3761,4228,3884,1670,2391,5426,2742,2226,2913,3013,2486,3286,4871,1686,2786,2775,3915,2230,,,2086,2981,7027,3910,1278,5360,1747,3228,2024,2093,1495,10361,,1779,2817,4109,1639,4727,3647,1930,2320,1568,2242,2524
2020-11-30_y,427068,18842,9066,15365,8729,8816,8025,9094,9067,10415,5794,4361,6831,6127,9117,5511,6278,3393,4185,6149,4749,4904,2675,4112,4553,3241,2912,4030,2505,2443,3165,3923,2291,3300,1528,2939,2555,3961,2213,1504,3044,1529,2205,1923,1741,2068,1062,1243,2369,1741,1541,1293,1893,1759,701,1509,888,1279,1614,1218,700,1369,1212,1008,1537,1402,879,1339,680,1130,1058,297,1206,964,810,2416,1100,754,1707,770,1571,966,270,667,2472,1325,477,883,1115,879,1632,1270,480,960,773,729,668
2020-12-31_x,1150989,70941,23004,41657,26348,18413,30955,16586,56850,30855,11604,8348,14172,12244,20027,8713,11093,6405,9819,14470,8287,10965,6939,7362,8945,5423,11744,12063,6079,8548,6493,10893,4885,6297,2744,7413,7905,9699,4700,3950,8184,3740,5189,3926,4034,3972,2638,2095,4997,4668,2682,2274,2888,3544,4101,3615,1517,2100,4750,2544,2007,2581,2667,2217,3105,4641,1478,2516,2513,3701,2043,1687,2996,1950,2642,6670,3461,1116,4976,1513,2798,1896,1956,1339,9803,2214,1633,2508,3864,1468,4524,3441,1765,2165,1458,1872,2152
2020-12-31_y,464276,22099,10398,14042,9979,8905,9780,10012,11582,11632,6571,4454,6962,6879,10082,5773,5939,3547,5023,7376,5558,5117,2747,4138,5020,3435,3325,4737,2852,2415,3504,4187,2464,3723,1424,3237,2886,4617,2384,1584,3620,1640,2317,2085,1931,2367,1128,1316,2693,1847,1533,1351,1824,2117,879,1701,956,1412,1640,1253,713,1305,1265,1189,1704,1513,960,1354,819,1167,1058,334,1600,1080,808,2982,1070,834,1988,893,1480,1125,269,810,3057,1195,529,803,1563,794,1902,1294,611,1045,861,680,687
2021-01-31_x,1057433,64313,20756,37046,23952,16731,29325,14700,55124,28146,9495,6911,12462,11084,18303,7270,9230,5632,8925,13741,7307,8861,6206,6313,7951,4477,10814,11553,5555,7669,5796,9861,4278,5656,2345,6479,7278,,4134,3340,7635,3442,4719,3617,3452,3573,2548,1785,4286,4416,2240,1898,2450,3310,,3348,1361,1765,4069,2294,1801,2254,2315,1998,2848,,1302,2206,2265,3553,1811,1713,2809,1798,2350,6403,3010,961,4472,1334,2401,1740,1804,1164,9230,1897,1466,2119,3614,1265,4377,3164,1592,2052,1314,1525,1869
2021-01-31_y,333199,18251,7498,11931,6484,7430,6231,7295,9104,7895,4086,2948,6098,5121,7346,3659,4221,2360,3404,4972,5151,3028,1939,2803,3519,,2435,3555,2080,1726,2273,,1798,2059,1051,2169,1965,2939,1518,1042,2616,1259,1787,1480,1251,1560,814,,1794,1406,940,898,1363,1575,641,1178,699,901,1198,961,506,856,889,876,1227,1106,639,1030,630,879,,288,931,832,522,2089,806,,1617,554,1017,754,,490,2692,807,,553,1050,502,1337,875,378,827,535,426,481
2021-02-28_x,977885,60050,19531,33383,21761,15451,27767,13527,51616,25772,8252,6483,11155,10315,17214,6680,8382,5256,8020,12961,6616,7265,5585,5724,7226,3975,9708,10970,5019,6316,5161,8970,3846,5069,2268,5819,6650,,3440,2887,6960,3196,4242,3281,2970,3294,2447,1566,3782,4175,1959,1641,2202,3070,,3038,1261,1519,3526,2157,1593,1999,1999,1865,2595,,1237,1941,2218,3395,1617,1669,2751,1639,1882,6014,2760,905,4037,1193,2060,1600,1574,1030,8643,1726,1328,1864,3345,1124,4242,2969,1458,2009,1220,1312,1790
2021-02-28_y,317748,15643,7359,10477,6113,6319,5887,7348,8884,8761,3135,3001,4920,4965,7904,3983,3736,2584,2596,5479,3838,3353,1694,3031,3607,,2254,3594,2226,1500,2083,,1592,2108,1159,1869,1825,2794,1231,831,2622,991,1613,1364,1011,1505,868,,1900,1335,963,677,1286,1699,647,1047,675,713,931,948,392,771,725,833,1278,1093,657,762,612,974,,255,1037,864,485,2281,740,,1624,476,1068,804,,441,2677,772,,449,1123,559,1479,775,386,870,521,474,515
2021-03-31_x,967256,59409,20053,33003,21306,15818,27491,14404,47715,24906,8773,7099,10968,10351,17209,7443,8803,5449,7897,12492,6684,6804,5557,5979,7035,4128,9017,10708,4957,5547,5137,8366,3858,5028,2595,6061,6561,,3183,2930,6584,3268,4206,3233,2869,3390,2439,1601,3594,4067,2078,1681,2173,2977,,2994,1303,1539,3411,2117,1518,2001,1948,1850,2493,,1312,1898,2195,3361,1593,1638,2742,1599,1634,5663,2723,972,3795,1183,1959,1619,1501,1004,7465,1827,1285,1895,3115,1159,4056,2999,1440,2009,1244,1338,1870
2021-03-31_y,429815,19814,10312,13688,8720,8348,9275,8703,13764,11513,4548,4401,6019,6754,10391,5366,4882,3305,3957,7819,3723,4953,2347,3820,4872,,3072,5545,2687,2341,2648,,2381,3104,1642,2942,2698,4244,1618,1320,3454,1574,2672,1764,1380,2114,1151,,2540,2016,1235,805,1278,2274,852,1595,816,911,1278,1221,443,971,970,1122,1437,1661,895,1053,746,1330,,328,1451,1046,697,3735,1058,,1915,526,1487,1037,,553,3936,1202,,636,1656,671,2208,1163,502,1168,687,608,772
2021-04-30_x,949788,60205,20410,33350,20957,16475,26195,15851,42573,23927,9679,7778,10993,10347,17397,8317,9600,5648,7869,11642,7068,6659,5605,6272,6858,4480,8093,9840,4843,4876,5346,7922,3965,5075,2903,6669,6881,,2989,3365,6265,3402,4050,3183,2954,3553,2384,1672,3426,3917,2255,1786,2168,2815,,2901,1362,1671,3487,2118,1464,2168,1961,1848,2389,,1377,1981,2091,3166,1632,1595,2653,1584,1420,4947,2678,1056,3533,1209,1940,1662,1474,1021,6088,1972,1289,2058,2744,1187,3812,3060,1432,1956,1271,1417,2007
2021-04-30_y,452664,15528,13274,19548,8525,8105,9003,10033,16951,13685,6453,4720,5435,6309,9205,5358,3576,3646,3518,6492,4837,6229,2469,5047,5741,,3155,4971,2774,2147,2676,,2744,1723,2122,2916,2243,3618,1586,1489,3541,1304,2104,1921,1411,2065,1176,,2913,1865,1488,929,1625,2235,1043,1625,1005,1163,1333,1299,539,1222,1078,1096,1486,1970,1308,1053,941,1260,,,1425,956,789,2837,1217,,2129,740,1962,1074,,679,3678,1392,,593,1566,953,1775,1335,691,1209,846,935,762
