RegionID,SizeRank,RegionName,RegionType,StateName,2018-01-31,2018-02-28,2018-03-31,2018-04-30,2018-05-31,2018-06-30,2018-07-31,2018-08-31,2018-09-30,2018-10-31,2018-11-30,2018-12-31,2019-01-31,2019-02-28,2019-03-31,2019-04-30,2019-05-31,2019-06-30,2019-07-31,2019-08-31,2019-09-30,2019-10-31,2019-11-30,2019-12-31,2020-01-31,2020-02-29,2020-03-31,2020-04-30,2020-05-31,2020-06-30,2020-07-31,2020-08-31,2020-09-30,2020-10-31,2020-11-30,2020-12-31,2021-01-31,2021-02-28,2021-03-31,2021-04-30
102001,0,United States,Country,"",1426397.0,1383906.0,1441048.0,1527950.0,1629488.0,1702928.0,1754075.0,1778632.0,1767533.0,1747062.0,1690115.0,1593189.0,1505003.0,1456490.0,1502950.0,1569397.0,1661636.0,1733260.0,1777903.0,1788407.0,1769611.0,1739592.0,1666157.0,1550091.0,1446610.0,1396717.0,1422331.0,1409811.0,1431105.0,1429933.0,1454172.0,1424235.0,1379006.0,1338265.0,1260282.0,1150989.0,1057433.0,977885.0,967256.0,949788.0
394913,1,"New York, NY",Msa,NY,68575.0,68132.0,72655.0,79566.0,85571.0,90094.0,92200.0,91703.0,90473.0,89709.0,87476.0,82261.0,77014.0,74793.0,78474.0,84310.0,91121.0,95737.0,97294.0,95790.0,94040.0,92028.0,88515.0,81482.0,75069.0,72643.0,74852.0,72503.0,70717.0,70287.0,76404.0,80346.0,81775.0,80888.0,77552.0,70941.0,64313.0,60050.0,59409.0,60205.0
753899,2,"Los Angeles-Long Beach-Anaheim, CA",Msa,CA,20153.0,19986.0,21953.0,23882.0,25855.0,27449.0,29152.0,30220.0,30765.0,30990.0,30469.0,28699.0,27066.0,26234.0,27531.0,28810.0,30490.0,31413.0,32109.0,31955.0,31419.0,30440.0,28397.0,25168.0,22395.0,21342.0,21894.0,21581.0,22002.0,22995.0,25045.0,26022.0,26415.0,26403.0,25334.0,23004.0,20756.0,19531.0,20053.0,20410.0
394463,3,"Chicago, IL",Msa,IL,43034.0,41384.0,45056.0,49612.0,54147.0,56495.0,58394.0,59368.0,59210.0,58454.0,55696.0,50854.0,46124.0,44318.0,47328.0,52328.0,57243.0,60415.0,61758.0,62230.0,61896.0,60853.0,57604.0,52145.0,47386.0,46028.0,47885.0,47807.0,48190.0,48729.0,51277.0,51927.0,51050.0,49750.0,46523.0,41657.0,37046.0,33383.0,33003.0,33350.0
394514,4,"Dallas-Fort Worth, TX",Msa,TX,24283.0,23203.0,24345.0,26749.0,29538.0,31955.0,33918.0,35089.0,35141.0,34278.0,33045.0,31080.0,29607.0,28931.0,30484.0,32445.0,34882.0,37292.0,39353.0,40407.0,39837.0,38705.0,36959.0,34552.0,32346.0,31448.0,32138.0,32267.0,33239.0,33815.0,34703.0,33521.0,31439.0,30134.0,28398.0,26348.0,23952.0,21761.0,21306.0,20957.0
394974,5,"Philadelphia, PA",Msa,PA,26163.0,24718.0,25715.0,27948.0,30197.0,31306.0,31000.0,30122.0,29338.0,29133.0,28514.0,26942.0,25202.0,24047.0,25022.0,26718.0,28652.0,29745.0,30281.0,29796.0,29068.0,28112.0,26946.0,24847.0,22690.0,21667.0,21816.0,20737.0,20468.0,20682.0,22081.0,22264.0,21633.0,21176.0,20147.0,18413.0,16731.0,15451.0,15818.0,16475.0
394692,6,"Houston, TX",Msa,TX,32985.0,32147.0,33766.0,35826.0,38655.0,40336.0,41647.0,42086.0,41349.0,40317.0,38765.0,37122.0,36112.0,35806.0,37384.0,38962.0,41059.0,43275.0,45110.0,46141.0,45294.0,43961.0,42092.0,40161.0,38870.0,38671.0,39756.0,39863.0,40550.0,40348.0,40349.0,38650.0,36700.0,35156.0,33132.0,30955.0,29325.0,27767.0,27491.0,26195.0
395209,7,"Washington, DC",Msa,DC,22169.0,20891.0,22460.0,25804.0,28735.0,28895.0,27640.0,26110.0,25707.0,25519.0,24616.0,22276.0,19451.0,17750.0,18851.0,21174.0,23920.0,25376.0,25649.0,24792.0,24092.0,23609.0,22545.0,20045.0,17725.0,16794.0,17996.0,18521.0,19201.0,18915.0,19295.0,19023.0,19030.0,19098.0,18418.0,16586.0,14700.0,13527.0,14404.0,15851.0
394856,8,"Miami-Fort Lauderdale, FL",Msa,FL,61075.0,62721.0,65818.0,67113.0,67572.0,66021.0,64597.0,63481.0,62926.0,63433.0,64091.0,64559.0,66017.0,67963.0,70824.0,71333.0,70945.0,69348.0,67787.0,66018.0,64438.0,63861.0,63501.0,63100.0,63327.0,64071.0,65045.0,62900.0,61568.0,60789.0,61367.0,60587.0,59551.0,59272.0,58357.0,56850.0,55124.0,51616.0,47715.0,42573.0
394347,9,"Atlanta, GA",Msa,GA,32435.0,31210.0,32416.0,33928.0,35692.0,37346.0,38973.0,40149.0,39923.0,39398.0,38198.0,36428.0,35015.0,35841.0,37695.0,39529.0,40604.0,42431.0,43934.0,44789.0,44702.0,44409.0,43002.0,40753.0,38927.0,38213.0,39298.0,39642.0,41049.0,41291.0,41277.0,39586.0,37385.0,35786.0,33465.0,30855.0,28146.0,25772.0,24906.0,23927.0
394404,10,"Boston, MA",Msa,MA,10531.0,9498.0,10074.0,11708.0,14014.0,15894.0,16772.0,16635.0,16756.0,17161.0,16901.0,15058.0,13011.0,11829.0,12612.0,14109.0,16395.0,17939.0,18306.0,17445.0,17038.0,17072.0,16466.0,14080.0,11591.0,10503.0,11153.0,11435.0,12256.0,13138.0,14385.0,14592.0,14515.0,14496.0,13687.0,11604.0,9495.0,8252.0,8773.0,9679.0
395057,11,"San Francisco, CA",Msa,CA,4445.0,4267.0,5241.0,6320.0,7338.0,7888.0,8166.0,8166.0,8452.0,8897.0,8788.0,7639.0,6397.0,5998.0,6786.0,7822.0,8823.0,9346.0,9506.0,9174.0,9173.0,9200.0,8699.0,7099.0,5570.0,5203.0,5748.0,5969.0,6510.0,7297.0,8584.0,9181.0,9587.0,9980.0,9609.0,8348.0,6911.0,6483.0,7099.0,7778.0
394532,12,"Detroit, MI",Msa,MI,15146.0,13974.0,14217.0,15159.0,16866.0,18461.0,19908.0,21165.0,21773.0,21959.0,21139.0,19637.0,18079.0,16849.0,16885.0,17455.0,18998.0,20675.0,22265.0,23432.0,23967.0,23959.0,22827.0,20862.0,18899.0,17626.0,17174.0,15680.0,16123.0,16789.0,18562.0,18512.0,17966.0,17367.0,15970.0,14172.0,12462.0,11155.0,10968.0,10993.0
395025,13,"Riverside, CA",Msa,CA,17510.0,17621.0,18603.0,19464.0,20289.0,20933.0,21602.0,21926.0,22020.0,22083.0,21951.0,21271.0,20717.0,20292.0,20867.0,21215.0,21619.0,21670.0,21661.0,21631.0,21348.0,21091.0,20349.0,19146.0,18079.0,17456.0,17409.0,16697.0,16444.0,16024.0,15708.0,14852.0,14165.0,13963.0,13338.0,12244.0,11084.0,10315.0,10351.0,10347.0
394976,14,"Phoenix, AZ",Msa,AZ,25698.0,25927.0,27529.0,28565.0,28970.0,28357.0,27121.0,26100.0,25370.0,25597.0,25785.0,25480.0,25811.0,26561.0,28617.0,29637.0,30094.0,29328.0,27790.0,26162.0,24747.0,24369.0,23821.0,22823.0,22062.0,21923.0,23051.0,23327.0,23611.0,22926.0,22191.0,21214.0,20884.0,21422.0,21277.0,20027.0,18303.0,17214.0,17209.0,17397.0
395078,15,"Seattle, WA",Msa,WA,7622.0,6641.0,7180.0,8158.0,10042.0,11626.0,13019.0,13731.0,14268.0,14452.0,13745.0,11900.0,10225.0,9009.0,9535.0,10328.0,12288.0,13767.0,14756.0,14612.0,14017.0,13189.0,11637.0,9364.0,7526.0,6825.0,7537.0,8201.0,9133.0,9685.0,10539.0,11141.0,11455.0,11458.0,10363.0,8713.0,7270.0,6680.0,7443.0,8317.0
394865,16,"Minneapolis-St Paul, MN",Msa,MN,10304.0,9526.0,10342.0,11759.0,13581.0,15128.0,16240.0,16760.0,16745.0,16463.0,15253.0,13244.0,11301.0,10193.0,10570.0,11778.0,13786.0,15799.0,17075.0,17513.0,17350.0,17051.0,15916.0,13862.0,11809.0,10896.0,11656.0,12481.0,13569.0,14019.0,14633.0,14670.0,14553.0,14326.0,13080.0,11093.0,9230.0,8382.0,8803.0,9600.0
395056,17,"San Diego, CA",Msa,CA,6477.0,6431.0,7159.0,7948.0,8749.0,9301.0,9867.0,10311.0,10588.0,10646.0,10418.0,9787.0,9239.0,8896.0,9250.0,9580.0,10086.0,10404.0,10671.0,10685.0,10394.0,9963.0,9167.0,8148.0,7344.0,7034.0,7297.0,7273.0,7508.0,7624.0,7954.0,7900.0,7754.0,7622.0,7147.0,6405.0,5632.0,5256.0,5449.0,5648.0
395121,18,"St. Louis, MO",Msa,MO,12945.0,12340.0,12819.0,13634.0,14634.0,15294.0,15763.0,15981.0,15819.0,15649.0,15013.0,13970.0,12684.0,11737.0,11971.0,12666.0,13693.0,14284.0,14572.0,14633.0,14587.0,14617.0,14259.0,13273.0,12110.0,11360.0,11606.0,11541.0,11670.0,11413.0,11594.0,11442.0,11339.0,11256.0,10776.0,9819.0,8925.0,8020.0,7897.0,7869.0
395148,19,"Tampa, FL",Msa,FL,18218.0,18496.0,19650.0,20402.0,20962.0,20941.0,20555.0,20263.0,19922.0,19977.0,20052.0,19933.0,20297.0,20764.0,21720.0,21605.0,21370.0,21119.0,21063.0,20854.0,20317.0,20058.0,19716.0,19036.0,18750.0,18773.0,19398.0,18939.0,18836.0,18158.0,17699.0,16609.0,15731.0,15496.0,15042.0,14470.0,13741.0,12961.0,12492.0,11642.0
394358,20,"Baltimore, MD",Msa,MD,12891.0,12211.0,12706.0,13885.0,15117.0,15520.0,15276.0,14840.0,14572.0,14420.0,14011.0,13179.0,12173.0,11419.0,11856.0,12852.0,14118.0,14876.0,15127.0,14937.0,14648.0,14417.0,13848.0,12649.0,11387.0,10694.0,10863.0,10710.0,10802.0,10552.0,10590.0,10205.0,9940.0,9789.0,9270.0,8287.0,7307.0,6616.0,6684.0,7068.0
394530,21,"Denver, CO",Msa,CO,10724.0,10134.0,11266.0,12739.0,14542.0,16178.0,17177.0,17736.0,17801.0,17821.0,17087.0,15252.0,13737.0,12982.0,13914.0,15197.0,17261.0,19085.0,20124.0,20311.0,19904.0,19308.0,17584.0,14961.0,12812.0,11826.0,12764.0,13250.0,15117.0,16135.0,17330.0,16834.0,15902.0,15004.0,13190.0,10965.0,8861.0,7265.0,6804.0,6659.0
394982,22,"Pittsburgh, PA",Msa,PA,10721.0,10176.0,10330.0,10760.0,11372.0,11892.0,12198.0,12270.0,11977.0,11712.0,11218.0,10509.0,9781.0,9290.0,9451.0,9781.0,10333.0,10729.0,10807.0,10730.0,10586.0,10581.0,10278.0,9590.0,8969.0,8592.0,8465.0,7803.0,7915.0,8287.0,9038.0,8965.0,8780.0,8481.0,7919.0,6939.0,6206.0,5585.0,5557.0,5605.0
394998,23,"Portland, OR",Msa,OR,7664.0,6999.0,7296.0,8069.0,9334.0,10581.0,11514.0,12113.0,12324.0,12197.0,11553.0,10392.0,9421.0,8771.0,9083.0,9652.0,10847.0,11839.0,12588.0,12788.0,12641.0,12140.0,11158.0,9702.0,8573.0,7970.0,8399.0,8724.0,9447.0,9735.0,10188.0,10164.0,9825.0,9440.0,8493.0,7362.0,6313.0,5724.0,5979.0,6272.0
394458,24,"Charlotte, NC",Msa,NC,10158.0,9969.0,10956.0,11856.0,12778.0,13155.0,13592.0,13789.0,13498.0,13220.0,12643.0,11858.0,11254.0,11063.0,12138.0,12892.0,13913.0,14394.0,15049.0,15172.0,15020.0,14828.0,14130.0,12933.0,11929.0,11480.0,12016.0,11981.0,12413.0,12023.0,11766.0,11012.0,10539.0,10350.0,9798.0,8945.0,7951.0,7226.0,7035.0,6858.0
395045,25,"Sacramento, CA",Msa,CA,5745.0,5398.0,5831.0,6509.0,7451.0,8216.0,8783.0,9164.0,9286.0,9312.0,8819.0,7933.0,7057.0,6477.0,6579.0,7012.0,7817.0,8575.0,9097.0,9356.0,9316.0,9029.0,8254.0,7132.0,6240.0,5896.0,6187.0,6388.0,6819.0,7143.0,7369.0,7146.0,6831.0,6698.0,6224.0,5423.0,4477.0,3975.0,4128.0,4480.0
395055,26,"San Antonio, TX",Msa,TX,11343.0,11205.0,11885.0,12721.0,13431.0,13887.0,14240.0,14484.0,14269.0,13888.0,13418.0,12976.0,12725.0,12637.0,13333.0,14082.0,14921.0,15720.0,16461.0,16917.0,16755.0,16428.0,15886.0,15288.0,14757.0,14660.0,15003.0,15038.0,15319.0,15332.0,15323.0,14717.0,13937.0,13446.0,12651.0,11744.0,10814.0,9708.0,9017.0,8093.0
394943,27,"Orlando, FL",Msa,FL,12241.0,12252.0,12851.0,13301.0,13772.0,13938.0,13969.0,14046.0,14098.0,14209.0,14097.0,13789.0,13706.0,13830.0,14413.0,14583.0,14747.0,14911.0,15068.0,14995.0,14579.0,14381.0,14094.0,13608.0,13184.0,13066.0,13337.0,13093.0,13248.0,13355.0,13686.0,13493.0,13153.0,13057.0,12636.0,12063.0,11553.0,10970.0,10708.0,9840.0
394466,28,"Cincinnati, OH",Msa,OH,8015.0,7636.0,7849.0,8256.0,8962.0,9466.0,9980.0,10200.0,10274.0,10204.0,9853.0,9179.0,8485.0,7978.0,8103.0,8412.0,8916.0,9372.0,9648.0,9773.0,9719.0,9574.0,9133.0,8315.0,7638.0,7161.0,7210.0,7091.0,7304.0,7387.0,7541.0,7427.0,7250.0,7098.0,6684.0,6079.0,5555.0,5019.0,4957.0,4843.0
394475,29,"Cleveland, OH",Msa,OH,12011.0,11371.0,11700.0,12430.0,13435.0,14172.0,14728.0,14920.0,14795.0,14406.0,13760.0,12746.0,11690.0,11064.0,11372.0,12113.0,13146.0,13952.0,14538.0,14734.0,14614.0,14313.0,13588.0,12523.0,11294.0,10453.0,10315.0,10051.0,10059.0,9986.0,10352.0,10543.0,10501.0,10241.0,9580.0,8548.0,7669.0,6316.0,5547.0,4876.0
394735,30,"Kansas City, MO",Msa,MO,9205.0,8752.0,9140.0,9937.0,11061.0,12082.0,12567.0,12714.0,12330.0,11716.0,10796.0,9641.0,8983.0,8523.0,8752.0,9252.0,9932.0,10358.0,10556.0,10618.0,10569.0,10446.0,9993.0,9130.0,8220.0,7670.0,7748.0,7732.0,7941.0,7912.0,7978.0,7725.0,7483.0,7429.0,7072.0,6493.0,5796.0,5161.0,5137.0,5346.0
394775,31,"Las Vegas, NV",Msa,NV,11815.0,11637.0,12168.0,12719.0,11967.0,10978.0,11055.0,11501.0,12148.0,11769.0,12096.0,11937.0,12098.0,12407.0,13289.0,13786.0,14393.0,14707.0,14944.0,14909.0,14669.0,14396.0,13780.0,12848.0,12016.0,11379.0,11307.0,11133.0,11512.0,11782.0,12072.0,12077.0,12062.0,12121.0,11677.0,10893.0,9861.0,8970.0,8366.0,7922.0
394492,32,"Columbus, OH",Msa,OH,5310.0,4897.0,5069.0,5477.0,6233.0,6860.0,7400.0,7690.0,7684.0,7611.0,7192.0,6535.0,5840.0,5327.0,5449.0,5689.0,6340.0,6861.0,7324.0,7520.0,7540.0,7505.0,7131.0,6470.0,5813.0,5335.0,5355.0,5311.0,5514.0,5580.0,5749.0,5733.0,5665.0,5690.0,5406.0,4885.0,4278.0,3846.0,3858.0,3965.0
394705,33,"Indianapolis, IN",Msa,IN,7229.0,6775.0,7111.0,7497.0,7807.0,7972.0,8241.0,8665.0,8758.0,8840.0,8571.0,8013.0,7343.0,6840.0,6953.0,7229.0,7826.0,8375.0,8875.0,9214.0,9352.0,9390.0,9033.0,8335.0,7650.0,7175.0,7145.0,6930.0,7017.0,6948.0,7022.0,6875.0,6866.0,7015.0,6858.0,6297.0,5656.0,5069.0,5028.0,5075.0
395059,34,"San Jose, CA",Msa,CA,1304.0,1319.0,1686.0,2090.0,2510.0,2750.0,2955.0,3029.0,3165.0,3274.0,3180.0,2746.0,2318.0,2213.0,2537.0,2957.0,3385.0,3661.0,3784.0,3673.0,3549.0,3401.0,3045.0,2435.0,1898.0,1788.0,2002.0,2151.0,2399.0,2658.0,2993.0,3095.0,3172.0,3269.0,3129.0,2744.0,2345.0,2268.0,2595.0,2903.0
394355,35,"Austin, TX",Msa,TX,7955.0,7577.0,8158.0,9160.0,10295.0,11093.0,11514.0,11594.0,11270.0,10901.0,10392.0,9790.0,9178.0,8797.0,9156.0,9750.0,10495.0,11247.0,11782.0,12059.0,11857.0,11502.0,10830.0,9817.0,9070.0,8722.0,9145.0,9447.0,10187.0,10458.0,10640.0,10098.0,9509.0,8994.0,8264.0,7413.0,6479.0,5819.0,6061.0,6669.0
395194,36,"Virginia Beach, VA",Msa,VA,11858.0,11477.0,11793.0,12474.0,13261.0,13783.0,13956.0,13856.0,13372.0,12994.0,12488.0,11870.0,11344.0,11061.0,11449.0,12012.0,12709.0,13108.0,13202.0,13006.0,12593.0,12092.0,11416.0,10614.0,9951.0,9684.0,10013.0,10169.0,10329.0,10106.0,9939.0,9561.0,9201.0,8904.0,8520.0,7905.0,7278.0,6650.0,6561.0,6881.0
394902,37,"Nashville, TN",Msa,TN,8702.0,8403.0,8796.0,9483.0,10323.0,11054.0,11585.0,11986.0,12083.0,12162.0,11992.0,11529.0,11078.0,10754.0,11022.0,11475.0,12201.0,12868.0,13463.0,13641.0,13618.0,13540.0,13195.0,12473.0,11620.0,11194.0,11358.0,11489.0,12019.0,12381.0,12716.0,12456.0,11875.0,11341.0,10603.0,9699.0,"","","",""
395005,38,"Providence, RI",Msa,RI,5955.0,5434.0,5418.0,5876.0,6602.0,7353.0,7890.0,8183.0,8279.0,8314.0,8016.0,7367.0,6574.0,6056.0,6065.0,6425.0,7045.0,7551.0,7770.0,7765.0,7747.0,7738.0,7403.0,6741.0,6040.0,5613.0,5567.0,5437.0,5511.0,5556.0,5785.0,5770.0,5668.0,5529.0,5237.0,4700.0,4134.0,3440.0,3183.0,2989.0
394862,39,"Milwaukee, WI",Msa,WI,3808.0,3521.0,3651.0,4015.0,4525.0,4806.0,4972.0,4951.0,4932.0,4893.0,4697.0,4331.0,3861.0,3531.0,3542.0,3710.0,4075.0,4405.0,4671.0,4761.0,4753.0,4684.0,4413.0,3979.0,3475.0,3267.0,3391.0,3590.0,3780.0,3943.0,4221.0,4475.0,4612.0,4658.0,4443.0,3950.0,3340.0,2887.0,2930.0,3365.0
394714,40,"Jacksonville, FL",Msa,FL,9774.0,10019.0,10822.0,11607.0,12146.0,12437.0,12681.0,12792.0,12662.0,12440.0,12150.0,11664.0,11447.0,11505.0,12198.0,12931.0,13406.0,13683.0,13554.0,13361.0,12917.0,12687.0,12331.0,11919.0,11526.0,11579.0,12038.0,12053.0,12056.0,11627.0,11291.0,10583.0,9851.0,9316.0,8733.0,8184.0,7635.0,6960.0,6584.0,6265.0
394849,41,"Memphis, TN",Msa,TN,5739.0,5573.0,5684.0,5904.0,6224.0,6521.0,6805.0,6969.0,6931.0,6793.0,6523.0,6295.0,6105.0,6044.0,6185.0,6260.0,6342.0,6339.0,6400.0,6424.0,6357.0,6266.0,6044.0,5722.0,5432.0,5213.0,5193.0,5094.0,5130.0,4993.0,4885.0,4639.0,4457.0,4275.0,4059.0,3740.0,3442.0,3196.0,3268.0,3402.0
394935,42,"Oklahoma City, OK",Msa,OK,8455.0,8196.0,8385.0,8599.0,8995.0,9203.0,9332.0,9289.0,9072.0,8772.0,8464.0,8030.0,7618.0,7208.0,7190.0,7393.0,7681.0,8010.0,8213.0,8422.0,8288.0,8045.0,7636.0,7190.0,6863.0,6654.0,6738.0,6702.0,6938.0,6960.0,6974.0,6697.0,6409.0,6159.0,5717.0,5189.0,4719.0,4242.0,4206.0,4050.0
394807,43,"Louisville-Jefferson County, KY",Msa,KY,4494.0,4306.0,4493.0,4731.0,5049.0,5394.0,5765.0,5987.0,6017.0,6032.0,5934.0,5633.0,5292.0,4992.0,5085.0,5217.0,5511.0,5729.0,5934.0,6039.0,6093.0,6115.0,5948.0,5478.0,5058.0,4759.0,4746.0,4593.0,4613.0,4540.0,4524.0,4350.0,4254.0,4269.0,4176.0,3926.0,3617.0,3281.0,3233.0,3183.0
394669,44,"Hartford, CT",Msa,CT,5870.0,5260.0,5159.0,5582.0,6245.0,6886.0,7036.0,7085.0,6917.0,6846.0,6590.0,6033.0,5404.0,5010.0,5116.0,5492.0,6074.0,6488.0,6712.0,6710.0,6660.0,6550.0,6223.0,5644.0,5072.0,4730.0,4738.0,4587.0,4597.0,4583.0,4765.0,4738.0,4737.0,4744.0,4542.0,4034.0,3452.0,2970.0,2869.0,2954.0
395022,45,"Richmond, VA",Msa,VA,4956.0,4787.0,5071.0,5548.0,5967.0,6226.0,6293.0,6289.0,6161.0,6085.0,5838.0,5394.0,4948.0,4676.0,4846.0,5104.0,5529.0,5814.0,5995.0,5979.0,5930.0,5946.0,5767.0,5358.0,4948.0,4764.0,4948.0,5027.0,5116.0,4988.0,4865.0,4649.0,4527.0,4495.0,4335.0,3972.0,3573.0,3294.0,3390.0,3553.0
394910,46,"New Orleans, LA",Msa,LA,3839.0,3818.0,4035.0,4235.0,4439.0,4514.0,4556.0,4494.0,4335.0,4215.0,4085.0,3937.0,3835.0,3811.0,3960.0,4095.0,4271.0,4506.0,4629.0,4731.0,4610.0,4479.0,4212.0,3925.0,3736.0,3612.0,3688.0,3638.0,3746.0,3652.0,3597.0,"","","",2770.0,2638.0,2548.0,2447.0,2439.0,2384.0
394425,47,"Buffalo, NY",Msa,NY,2808.0,2532.0,2541.0,2672.0,2988.0,3255.0,3552.0,3715.0,3784.0,3720.0,3482.0,3128.0,2786.0,2548.0,2572.0,2673.0,2952.0,3240.0,3482.0,3609.0,3631.0,3588.0,3387.0,3013.0,2666.0,2428.0,2365.0,2170.0,2173.0,2339.0,2660.0,2856.0,2825.0,2725.0,2454.0,2095.0,1785.0,1566.0,1601.0,1672.0
395012,48,"Raleigh, NC",Msa,NC,6311.0,6186.0,6624.0,7125.0,7672.0,8009.0,8039.0,7933.0,7610.0,7573.0,7332.0,7020.0,6756.0,6668.0,7039.0,7352.0,7865.0,8443.0,8752.0,8907.0,8739.0,8745.0,8493.0,8035.0,7704.0,7534.0,7826.0,7818.0,7967.0,7672.0,7456.0,7006.0,6618.0,6298.0,5697.0,4997.0,4286.0,3782.0,3594.0,3426.0
394388,49,"Birmingham, AL",Msa,AL,6211.0,6137.0,6381.0,6686.0,6958.0,7183.0,7244.0,7259.0,7132.0,6991.0,6701.0,6267.0,5920.0,5714.0,5902.0,6109.0,6365.0,6599.0,6776.0,6895.0,6815.0,6620.0,6286.0,5830.0,5548.0,5404.0,5551.0,5509.0,5577.0,5521.0,5526.0,5395.0,5277.0,5195.0,5008.0,4668.0,4416.0,4175.0,4067.0,3917.0
395053,50,"Salt Lake City, UT",Msa,UT,2587.0,2555.0,2796.0,3178.0,3695.0,4133.0,4449.0,4701.0,4882.0,5057.0,4973.0,4622.0,4247.0,3935.0,4100.0,4358.0,4813.0,5139.0,5280.0,5317.0,5210.0,5080.0,4680.0,4088.0,3552.0,3209.0,3375.0,3627.0,4052.0,4178.0,4149.0,3946.0,3711.0,3543.0,3157.0,2682.0,2240.0,1959.0,2078.0,2255.0
395031,51,"Rochester, NY",Msa,NY,3075.0,2838.0,2917.0,3201.0,3574.0,3892.0,4082.0,4194.0,4176.0,4084.0,3838.0,3440.0,3041.0,2776.0,2802.0,2976.0,3284.0,3581.0,3782.0,3825.0,3802.0,3731.0,3538.0,3167.0,2787.0,2578.0,2570.0,2468.0,2525.0,2679.0,2962.0,3102.0,3065.0,2993.0,2713.0,2274.0,1898.0,1641.0,1681.0,1786.0
394640,52,"Grand Rapids, MI",Msa,MI,3287.0,2919.0,2949.0,3155.0,3552.0,3917.0,4269.0,4539.0,4630.0,4593.0,4346.0,3968.0,3595.0,3299.0,3294.0,3441.0,3814.0,4236.0,4568.0,4746.0,4790.0,4780.0,4538.0,4094.0,3612.0,3300.0,3267.0,3082.0,3330.0,3505.0,3859.0,3776.0,3556.0,3477.0,3192.0,2888.0,2450.0,2202.0,2173.0,2168.0
395167,53,"Tucson, AZ",Msa,AZ,4952.0,4974.0,5181.0,5185.0,5190.0,5042.0,4843.0,4686.0,4536.0,4557.0,4644.0,4687.0,4831.0,4899.0,5170.0,5281.0,5291.0,5166.0,4945.0,4766.0,4606.0,4569.0,4547.0,4433.0,4397.0,4392.0,4552.0,4454.0,4377.0,4128.0,3918.0,3693.0,3651.0,3767.0,3761.0,3544.0,3310.0,3070.0,2977.0,2815.0
753924,54,"Urban Honolulu, HI",Msa,HI,3481.0,3450.0,3682.0,3923.0,4146.0,4222.0,4306.0,4336.0,4293.0,4216.0,4171.0,4115.0,4116.0,4160.0,4345.0,4513.0,4678.0,4768.0,4862.0,4915.0,4928.0,4876.0,4742.0,4559.0,4350.0,4256.0,4315.0,4295.0,4264.0,4207.0,4314.0,4382.0,4370.0,4314.0,4228.0,4101.0,"","","",""
395169,55,"Tulsa, OK",Msa,OK,5741.0,5618.0,5736.0,5886.0,6079.0,6280.0,6453.0,6586.0,6525.0,6367.0,6039.0,5641.0,5339.0,5166.0,5210.0,5304.0,5394.0,5499.0,5537.0,5558.0,5440.0,5271.0,5003.0,4702.0,4474.0,4385.0,4518.0,4493.0,4530.0,4445.0,4400.0,4295.0,4121.0,4075.0,3884.0,3615.0,3348.0,3038.0,2994.0,2901.0
394619,56,"Fresno, CA",Msa,CA,1920.0,1883.0,2007.0,2150.0,2318.0,2430.0,2526.0,2603.0,2644.0,2670.0,2593.0,2455.0,2325.0,2266.0,2358.0,2448.0,2583.0,2683.0,2742.0,2773.0,2757.0,2732.0,2621.0,2420.0,2243.0,2130.0,2150.0,2107.0,2086.0,1986.0,1925.0,1838.0,1790.0,1757.0,1670.0,1517.0,1361.0,1261.0,1303.0,1362.0
395238,57,"Worcester, MA",Msa,MA,2915.0,2633.0,2664.0,2940.0,3362.0,3744.0,3940.0,4033.0,4067.0,4150.0,4013.0,3619.0,3142.0,2806.0,2805.0,2989.0,3387.0,3747.0,3916.0,3897.0,3858.0,3839.0,3662.0,3218.0,2780.0,2511.0,2554.0,2533.0,2641.0,2696.0,2747.0,2670.0,2555.0,2551.0,2391.0,2100.0,1765.0,1519.0,1539.0,1671.0
394415,58,"Stamford, CT",Msa,CT,5707.0,5311.0,5463.0,6358.0,7160.0,7746.0,7563.0,7368.0,7164.0,7020.0,6769.0,6172.0,5588.0,5360.0,5727.0,6323.0,7051.0,7502.0,7671.0,7426.0,7222.0,7049.0,6753.0,6096.0,5432.0,5204.0,5417.0,5437.0,5562.0,5729.0,6162.0,6192.0,6067.0,5834.0,5426.0,4750.0,4069.0,3526.0,3411.0,3487.0
394312,59,"Albuquerque, NM",Msa,NM,3822.0,3636.0,3712.0,3894.0,4158.0,4388.0,4532.0,4623.0,4582.0,4495.0,4274.0,3962.0,3636.0,3400.0,3414.0,3557.0,3747.0,3966.0,4105.0,4191.0,4121.0,4056.0,3884.0,3584.0,3263.0,3047.0,3079.0,3058.0,3138.0,3084.0,3087.0,2985.0,2913.0,2879.0,2742.0,2544.0,2294.0,2157.0,2117.0,2118.0
394308,60,"Albany, NY",Msa,NY,2664.0,2460.0,2474.0,2582.0,2812.0,3001.0,3180.0,3223.0,3239.0,3212.0,3123.0,2912.0,2679.0,2496.0,2487.0,2552.0,2755.0,2939.0,3073.0,3117.0,3135.0,3116.0,2973.0,2692.0,2413.0,2225.0,2175.0,2058.0,2062.0,2131.0,2284.0,2351.0,2350.0,2345.0,2226.0,2007.0,1801.0,1593.0,1518.0,1464.0
394938,61,"Omaha, NE",Msa,NE,3036.0,2907.0,3065.0,3292.0,3597.0,3855.0,4059.0,4188.0,4214.0,4171.0,4038.0,3711.0,3393.0,3119.0,3109.0,3253.0,3567.0,3869.0,4014.0,4092.0,4130.0,4169.0,4004.0,3645.0,3302.0,3132.0,3311.0,3438.0,3653.0,3629.0,3604.0,3417.0,3261.0,3136.0,2913.0,2581.0,2254.0,1999.0,2001.0,2168.0
394908,62,"New Haven, CT",Msa,CT,4067.0,3660.0,3597.0,3896.0,4298.0,4564.0,4574.0,4572.0,4526.0,4465.0,4257.0,3917.0,3562.0,3352.0,3452.0,3707.0,4077.0,4320.0,4426.0,4382.0,4279.0,4154.0,3890.0,3500.0,3139.0,2970.0,3037.0,2990.0,3008.0,3002.0,3120.0,3147.0,3164.0,3154.0,3013.0,2667.0,2315.0,1999.0,1948.0,1961.0
394357,63,"Bakersfield, CA",Msa,CA,2516.0,2559.0,2761.0,2972.0,3143.0,3306.0,3419.0,3541.0,3564.0,3531.0,3370.0,3130.0,2978.0,2892.0,2999.0,3075.0,3211.0,3335.0,3442.0,3503.0,3467.0,3416.0,3284.0,3077.0,2877.0,2767.0,2819.0,2814.0,2878.0,2841.0,2848.0,2790.0,2763.0,2693.0,2486.0,2217.0,1998.0,1865.0,1850.0,1848.0
394753,64,"Knoxville, TN",Msa,TN,4497.0,4341.0,4411.0,4581.0,4803.0,4940.0,5071.0,5184.0,5206.0,5143.0,4954.0,4661.0,4387.0,4219.0,4319.0,4458.0,4639.0,4753.0,4768.0,4776.0,4712.0,4711.0,4624.0,4394.0,4138.0,3895.0,3877.0,3808.0,3848.0,3788.0,3686.0,3479.0,3322.0,3328.0,3286.0,3105.0,2848.0,2595.0,2493.0,2389.0
394653,65,"Greenville, SC",Msa,SC,5643.0,5479.0,5730.0,5918.0,6144.0,6180.0,6205.0,6222.0,6163.0,6079.0,5884.0,5599.0,5392.0,5252.0,5510.0,5701.0,6089.0,6407.0,6776.0,7020.0,7040.0,6919.0,6604.0,6191.0,5921.0,5794.0,5887.0,5898.0,5960.0,5848.0,5732.0,5494.0,5258.0,5127.0,4871.0,4641.0,"","","",""
394952,66,"Ventura, CA",Msa,CA,1608.0,1565.0,1703.0,1879.0,2112.0,2306.0,2477.0,2591.0,2637.0,2628.0,2503.0,2298.0,2130.0,2045.0,2147.0,2272.0,2466.0,2599.0,2708.0,2694.0,2589.0,2423.0,2250.0,2003.0,1833.0,1757.0,1842.0,1851.0,1922.0,1992.0,2095.0,2046.0,1949.0,1833.0,1686.0,1478.0,1302.0,1237.0,1312.0,1377.0
394318,67,"Allentown, PA",Msa,PA,3795.0,3571.0,3606.0,3792.0,4096.0,4395.0,4583.0,4647.0,4626.0,4610.0,4475.0,4164.0,3831.0,3603.0,3647.0,3793.0,4023.0,4199.0,4282.0,4295.0,4229.0,4129.0,3899.0,3564.0,3240.0,3021.0,2951.0,2669.0,2622.0,2733.0,3019.0,3060.0,2970.0,2924.0,2786.0,2516.0,2206.0,1941.0,1898.0,1981.0
394561,68,"El Paso, TX",Msa,TX,4534.0,4565.0,4622.0,4627.0,4551.0,4420.0,4344.0,4261.0,4176.0,4112.0,4060.0,3947.0,3841.0,3763.0,3803.0,3817.0,3802.0,3862.0,3925.0,4003.0,3949.0,3918.0,3854.0,3772.0,3696.0,3745.0,3828.0,3816.0,3726.0,3591.0,3430.0,3279.0,3131.0,3078.0,2775.0,2513.0,2265.0,2218.0,2195.0,2091.0
394367,69,"Baton Rouge, LA",Msa,LA,4130.0,4193.0,4441.0,4689.0,4963.0,5209.0,5394.0,5467.0,5362.0,5283.0,5180.0,5038.0,4931.0,4907.0,5107.0,5290.0,5450.0,5568.0,5646.0,5730.0,5676.0,5579.0,5382.0,5159.0,5031.0,4998.0,5120.0,5073.0,5074.0,4950.0,4866.0,4641.0,4383.0,4162.0,3915.0,3701.0,3553.0,3395.0,3361.0,3166.0
394521,70,"Dayton, OH",Msa,OH,2886.0,2755.0,2822.0,2979.0,3150.0,3298.0,3416.0,3518.0,3580.0,3626.0,3543.0,3303.0,2980.0,2726.0,2679.0,2682.0,2760.0,2842.0,2947.0,3006.0,2979.0,2948.0,2825.0,2598.0,2382.0,2223.0,2244.0,2200.0,2221.0,2186.0,2218.0,2233.0,2268.0,2307.0,2230.0,2043.0,1811.0,1617.0,1593.0,1632.0
394843,71,"McAllen, TX",Msa,TX,2150.0,2160.0,2225.0,2258.0,2302.0,2284.0,2271.0,2294.0,2321.0,2389.0,2394.0,2381.0,2420.0,2490.0,2596.0,2592.0,2578.0,2557.0,2563.0,2560.0,2542.0,2532.0,2503.0,2449.0,2422.0,2440.0,2495.0,2460.0,2415.0,2284.0,2151.0,1963.0,"","","",1687.0,1713.0,1669.0,1638.0,1595.0
394486,72,"Columbia, SC",Msa,SC,5200.0,4991.0,5042.0,5200.0,5370.0,5412.0,5414.0,5418.0,5223.0,5044.0,4829.0,4614.0,4430.0,4267.0,4360.0,4402.0,4586.0,4858.0,5221.0,5460.0,5428.0,5249.0,4991.0,4743.0,4654.0,4582.0,4671.0,4545.0,4534.0,4298.0,4107.0,"","","","",2996.0,2809.0,2751.0,2742.0,2653.0
394648,73,"Greensboro, NC",Msa,NC,2900.0,2823.0,2908.0,3091.0,3354.0,3451.0,3499.0,3242.0,3011.0,2781.0,2686.0,2566.0,2468.0,2394.0,2495.0,2557.0,2685.0,2759.0,2858.0,2906.0,2904.0,2846.0,2741.0,2560.0,2408.0,2301.0,2341.0,2326.0,2386.0,2354.0,2340.0,2222.0,2167.0,2149.0,2086.0,1950.0,1798.0,1639.0,1599.0,1584.0
394304,74,"Akron, OH",Msa,OH,4025.0,3782.0,3879.0,4131.0,4455.0,4674.0,4811.0,4873.0,4812.0,4672.0,4405.0,3998.0,3585.0,3300.0,3360.0,3569.0,3940.0,4249.0,4498.0,4564.0,4548.0,4468.0,4280.0,3966.0,3604.0,3338.0,3310.0,3220.0,3228.0,3189.0,3315.0,3364.0,3321.0,3201.0,2981.0,2642.0,2350.0,1882.0,1634.0,1420.0
753906,75,"North Port-Sarasota-Bradenton, FL",Msa,FL,9280.0,9870.0,10609.0,10831.0,10607.0,10072.0,9413.0,8945.0,8572.0,8579.0,8857.0,9214.0,9907.0,10490.0,11187.0,11118.0,10742.0,10191.0,9666.0,9252.0,8789.0,8648.0,8747.0,8883.0,9344.0,9794.0,10184.0,9795.0,9343.0,8835.0,8493.0,7996.0,7542.0,7338.0,7027.0,6670.0,6403.0,6014.0,5663.0,4947.0
394798,76,"Little Rock, AR",Msa,AR,4908.0,4769.0,4919.0,5164.0,5520.0,5772.0,5883.0,5944.0,5913.0,5856.0,5692.0,5412.0,5177.0,5064.0,5217.0,5409.0,5374.0,5242.0,5028.0,4966.0,5008.0,5049.0,5016.0,4779.0,4552.0,4479.0,4591.0,4636.0,4698.0,4663.0,4703.0,4651.0,4487.0,4310.0,3910.0,3461.0,3010.0,2760.0,2723.0,2678.0
395134,77,"Stockton, CA",Msa,CA,1323.0,1262.0,1339.0,1440.0,1598.0,1714.0,1828.0,1949.0,2044.0,2100.0,2040.0,1886.0,1729.0,1616.0,1654.0,1743.0,1867.0,2007.0,2122.0,2200.0,2221.0,2205.0,2109.0,1907.0,1686.0,1552.0,1547.0,1531.0,1563.0,1555.0,1546.0,1465.0,1403.0,1377.0,1278.0,1116.0,961.0,905.0,972.0,1056.0
394457,78,"Charleston, SC",Msa,SC,5750.0,5751.0,6132.0,6516.0,6855.0,6973.0,6933.0,6804.0,6521.0,6520.0,6440.0,6337.0,6188.0,6205.0,6592.0,6888.0,7185.0,7400.0,7511.0,7527.0,7265.0,7152.0,6865.0,6585.0,6343.0,6311.0,6502.0,6486.0,6616.0,6572.0,6488.0,6129.0,5772.0,5644.0,5360.0,4976.0,4472.0,4037.0,3795.0,3533.0
395143,79,"Syracuse, NY",Msa,NY,2597.0,2410.0,2420.0,2574.0,2801.0,3022.0,3227.0,3372.0,3385.0,3268.0,3037.0,2740.0,2449.0,2257.0,2259.0,2375.0,2560.0,2715.0,2842.0,2922.0,2925.0,2861.0,2642.0,2337.0,2037.0,1854.0,1794.0,1679.0,1675.0,1751.0,1899.0,1967.0,1955.0,1912.0,1747.0,1513.0,1334.0,1193.0,1183.0,1209.0
394484,80,"Colorado Springs, CO",Msa,CO,1899.0,1847.0,2054.0,2384.0,2885.0,3344.0,3734.0,3910.0,3938.0,3793.0,3542.0,3165.0,2821.0,2567.0,2607.0,2800.0,3187.0,3600.0,3898.0,4051.0,3979.0,3825.0,3466.0,3049.0,2708.0,2551.0,2741.0,2866.0,3251.0,3541.0,3898.0,3936.0,3778.0,3594.0,3228.0,2798.0,2401.0,2060.0,1959.0,1940.0
395235,81,"Winston-Salem, NC",Msa,NC,2600.0,2539.0,2709.0,2969.0,3292.0,3383.0,3461.0,3241.0,3061.0,2835.0,2721.0,2532.0,2348.0,2248.0,2391.0,2545.0,2702.0,2740.0,2771.0,2769.0,2778.0,2763.0,2692.0,2517.0,2399.0,2327.0,2453.0,2440.0,2447.0,2314.0,2253.0,2163.0,2106.0,2096.0,2024.0,1896.0,1740.0,1600.0,1619.0,1662.0
395224,82,"Wichita, KS",Msa,KS,2687.0,2553.0,2573.0,2640.0,2780.0,2926.0,3010.0,3073.0,3031.0,3038.0,2985.0,2870.0,2733.0,2605.0,2626.0,2690.0,2766.0,2812.0,2771.0,2753.0,2679.0,2642.0,2513.0,2349.0,2221.0,2167.0,2215.0,2211.0,2241.0,2189.0,2167.0,2114.0,2122.0,2129.0,2093.0,1956.0,1804.0,1574.0,1501.0,1474.0
395115,83,"Springfield, MA",Msa,MA,1791.0,1649.0,1672.0,1802.0,2005.0,2202.0,2334.0,2384.0,2377.0,2377.0,2280.0,2085.0,1856.0,1709.0,1725.0,1813.0,1988.0,2113.0,2190.0,2191.0,2180.0,2161.0,2062.0,1838.0,1608.0,1485.0,1515.0,1498.0,1525.0,1526.0,1566.0,1545.0,1537.0,1557.0,1495.0,1339.0,1164.0,1030.0,1004.0,1021.0
394440,84,"Fort Myers, FL",Msa,FL,14368.0,15300.0,16403.0,16544.0,16247.0,15282.0,14392.0,13715.0,13302.0,13406.0,13931.0,14686.0,15887.0,16935.0,17883.0,17929.0,17352.0,16492.0,15431.0,14558.0,13792.0,13594.0,13734.0,13937.0,14441.0,14800.0,15104.0,14425.0,13810.0,13026.0,12441.0,11745.0,11167.0,10857.0,10361.0,9803.0,9230.0,8643.0,7465.0,6088.0
394399,85,"Boise City, ID",Msa,ID,3481.0,3170.0,3215.0,3546.0,3821.0,4025.0,4106.0,4324.0,4457.0,4498.0,4339.0,4004.0,3696.0,3457.0,3523.0,3772.0,4108.0,4369.0,4485.0,4533.0,4524.0,4510.0,4355.0,4029.0,3674.0,3476.0,3571.0,3674.0,3938.0,3979.0,3861.0,"","","","",2214.0,1897.0,1726.0,1827.0,1972.0
395160,86,"Toledo, OH",Msa,OH,2427.0,2324.0,2358.0,2425.0,2528.0,2609.0,2713.0,2819.0,2854.0,2824.0,2674.0,2458.0,2251.0,2084.0,2097.0,2167.0,2294.0,2379.0,2411.0,2451.0,2449.0,2465.0,2406.0,2277.0,2124.0,2025.0,2012.0,1952.0,1952.0,1932.0,1939.0,1892.0,1856.0,1859.0,1779.0,1633.0,1466.0,1328.0,1285.0,1289.0
394816,87,"Madison, WI",Msa,WI,2313.0,2164.0,2346.0,2739.0,3171.0,3474.0,3592.0,3586.0,3482.0,3350.0,3123.0,2768.0,2438.0,2277.0,2416.0,2701.0,3102.0,3414.0,3561.0,3542.0,3468.0,3398.0,3191.0,2853.0,2504.0,2370.0,2542.0,2732.0,2921.0,2974.0,3083.0,3099.0,3056.0,2991.0,2817.0,2508.0,2119.0,1864.0,1895.0,2058.0
394766,88,"Lakeland, FL",Msa,FL,4163.0,4211.0,4395.0,4502.0,4566.0,4537.0,4497.0,4527.0,4608.0,4692.0,4731.0,4686.0,4858.0,5070.0,5411.0,5417.0,5325.0,5304.0,5333.0,5433.0,5417.0,5466.0,5420.0,5255.0,5186.0,5205.0,5311.0,5151.0,5071.0,4908.0,4849.0,4616.0,4435.0,4295.0,4109.0,3864.0,3614.0,3345.0,3115.0,2744.0
394931,89,"Ogden, UT",Msa,UT,1640.0,1566.0,1660.0,1817.0,2097.0,2297.0,2426.0,2555.0,2654.0,2749.0,2656.0,2440.0,2236.0,2125.0,2218.0,2334.0,2547.0,2732.0,2864.0,2930.0,2969.0,2981.0,2830.0,2519.0,2201.0,1988.0,2079.0,2190.0,2374.0,2332.0,2248.0,2061.0,1881.0,1806.0,1639.0,1468.0,1265.0,1124.0,1159.0,1187.0
394528,90,"Daytona Beach, FL",Msa,FL,5548.0,5656.0,5927.0,6155.0,6334.0,6402.0,6378.0,6370.0,6301.0,6296.0,6290.0,6261.0,6374.0,6515.0,6816.0,6829.0,6781.0,6703.0,6695.0,6665.0,6547.0,6485.0,6426.0,6293.0,6319.0,6391.0,6615.0,6492.0,6471.0,6242.0,6009.0,5545.0,5170.0,4955.0,4727.0,4524.0,4377.0,4242.0,4056.0,3812.0
394531,91,"Des Moines, IA",Msa,IA,3719.0,3689.0,4053.0,4237.0,4455.0,4456.0,4572.0,4640.0,4649.0,4661.0,4530.0,4270.0,4033.0,3849.0,3909.0,4068.0,4340.0,4523.0,4631.0,4727.0,4802.0,4826.0,4719.0,4475.0,4214.0,4058.0,4164.0,4250.0,4414.0,4340.0,4263.0,4024.0,3842.0,3778.0,3647.0,3441.0,3164.0,2969.0,2999.0,3060.0
394711,92,"Jackson, MS",Msa,MS,2814.0,2821.0,2967.0,3137.0,3349.0,3436.0,3449.0,3356.0,3229.0,3139.0,3029.0,2877.0,2734.0,2679.0,2808.0,2916.0,3013.0,3046.0,3061.0,3029.0,2962.0,2906.0,2852.0,2765.0,2679.0,2617.0,2654.0,2635.0,2633.0,2529.0,2455.0,2311.0,2176.0,2073.0,1930.0,1765.0,1592.0,1458.0,1440.0,1432.0
394352,94,"Augusta, GA",Msa,GA,3712.0,3625.0,3698.0,3785.0,3891.0,3921.0,3930.0,3903.0,3842.0,3768.0,3669.0,3547.0,3481.0,3468.0,3568.0,3618.0,3710.0,3821.0,3943.0,4001.0,4002.0,3949.0,3778.0,3550.0,3408.0,3416.0,3472.0,3362.0,3222.0,2982.0,2891.0,2729.0,2625.0,2484.0,2320.0,2165.0,2052.0,2009.0,2009.0,1956.0
394666,96,"Harrisburg, PA",Msa,PA,2430.0,2226.0,2257.0,2371.0,2525.0,2615.0,2651.0,2656.0,2602.0,2538.0,2395.0,2201.0,1989.0,1843.0,1849.0,1948.0,2125.0,2272.0,2343.0,2354.0,2345.0,2342.0,2280.0,2134.0,1972.0,1836.0,1764.0,1596.0,1600.0,1676.0,1831.0,1815.0,1688.0,1656.0,1568.0,1458.0,1314.0,1220.0,1244.0,1271.0
395006,100,"Provo, UT",Msa,UT,1878.0,1755.0,1825.0,2065.0,2551.0,2992.0,3292.0,3419.0,3430.0,3505.0,3539.0,3480.0,3341.0,3211.0,3342.0,3550.0,3882.0,4132.0,4276.0,4368.0,4288.0,4213.0,3950.0,3608.0,3279.0,3051.0,3167.0,3347.0,3705.0,3752.0,3584.0,3178.0,2834.0,2597.0,2242.0,1872.0,1525.0,1312.0,1338.0,1417.0
394602,159,"Fort Collins, CO",Msa,CO,2307.0,2136.0,2265.0,2520.0,2870.0,3126.0,3363.0,3477.0,3481.0,3510.0,3444.0,3232.0,2870.0,2608.0,2671.0,2931.0,3333.0,3447.0,3445.0,3305.0,3304.0,3207.0,2984.0,2659.0,2450.0,2321.0,2381.0,2386.0,2644.0,2867.0,3072.0,3001.0,2933.0,2786.0,2524.0,2152.0,1869.0,1790.0,1870.0,2007.0
