RegionID,RegionName,SizeRank,1/31/2014,2/28/2014,3/31/2014,4/30/2014,5/31/2014,6/30/2014,7/31/2014,8/31/2014,9/30/2014,10/31/2014,11/30/2014,12/31/2014,1/31/2015,2/28/2015,3/31/2015,4/30/2015,5/31/2015,6/30/2015,7/31/2015,8/31/2015,9/30/2015,10/31/2015,11/30/2015,12/31/2015,1/31/2016,2/29/2016,3/31/2016,4/30/2016,5/31/2016,6/30/2016,7/31/2016,8/31/2016,9/30/2016,10/31/2016,11/30/2016,12/31/2016,1/31/2017,2/28/2017,3/31/2017,4/30/2017,5/31/2017,6/30/2017,7/31/2017,8/31/2017,9/30/2017,10/31/2017,11/30/2017,12/31/2017,1/31/2018,2/28/2018,3/31/2018,4/30/2018,5/31/2018,6/30/2018,7/31/2018,8/31/2018,9/30/2018,10/31/2018,11/30/2018,12/31/2018,1/31/2019,2/28/2019,3/31/2019,4/30/2019,5/31/2019,6/30/2019,7/31/2019,8/31/2019,9/30/2019,10/31/2019,11/30/2019,12/31/2019,1/31/2020,2/29/2020,3/31/2020,4/30/2020,5/31/2020,6/30/2020,7/31/2020,8/31/2020,9/30/2020,10/31/2020,11/30/2020,12/31/2020,1/31/2021,2/28/2021,3/31/2021,4/30/2021
102001,United States,0,1353,1361,1368,1375,1382,1390,1397,1404,1411,1418,1425,1431,1437,1443,1449,1455,1460,1466,1471,1477,1482,1488,1493,1499,1504,1509,1514,1519,1523,1528,1532,1536,1541,1545,1549,1553,1557,1561,1565,1569,1572,1576,1580,1584,1588,1592,1596,1601,1605,1610,1615,1620,1625,1630,1635,1640,1645,1650,1655,1660,1665,1670,1675,1680,1685,1690,1695,1699,1703,1708,1710,1712,1714,1715,1716,1717,1718,1719,1720,1722,1724,1726,1729,1731,1734,1737,1739,1742
394913,"New York, NY",1,2397,2409,2421,2433,2445,2457,2468,2480,2492,2504,2515,2526,2536,2546,2556,2565,2574,2583,2592,2599,2607,2614,2620,2626,2632,2636,2641,2646,2650,2654,2658,2662,2666,2670,2674,2677,2681,2685,2689,2693,2696,2699,2702,2704,2706,2709,2711,2714,2717,2720,2723,2727,2731,2735,2740,2745,2750,2755,2760,2766,2771,2777,2783,2789,2795,2801,2807,2811,2815,2819,2817,2814,2811,2798,2785,2771,2751,2730,2709,2689,2669,2649,2629,2609,2589,2569,2549,2530
753899,"Los Angeles-Long Beach-Anaheim, CA",2,1761,1777,1794,1810,1826,1842,1858,1874,1890,1906,1920,1933,1947,1958,1969,1981,1992,2004,2015,2027,2039,2050,2062,2074,2086,2097,2109,2120,2130,2140,2151,2160,2170,2180,2189,2199,2208,2218,2227,2237,2245,2254,2263,2271,2279,2287,2294,2302,2310,2318,2326,2334,2343,2351,2360,2368,2376,2384,2391,2399,2407,2414,2421,2428,2435,2441,2448,2454,2459,2465,2467,2469,2471,2470,2469,2469,2468,2467,2466,2466,2466,2466,2466,2466,2467,2468,2468,2469
394463,"Chicago, IL",3,1455,1460,1466,1471,1476,1481,1487,1492,1497,1502,1506,1510,1515,1518,1522,1526,1530,1534,1538,1543,1548,1553,1558,1563,1568,1572,1576,1581,1584,1587,1590,1592,1595,1598,1600,1603,1605,1608,1610,1613,1615,1617,1620,1622,1625,1627,1630,1632,1635,1637,1640,1643,1646,1649,1652,1655,1658,1661,1665,1668,1672,1676,1680,1684,1688,1692,1696,1700,1703,1706,1707,1707,1708,1706,1704,1702,1698,1694,1690,1687,1683,1679,1676,1672,1669,1665,1662,1659
394514,"Dallas-Fort Worth, TX",4,1143,1150,1157,1164,1171,1178,1185,1192,1199,1206,1212,1219,1225,1230,1236,1241,1247,1252,1257,1262,1267,1272,1278,1283,1289,1295,1300,1306,1311,1317,1323,1328,1333,1338,1343,1347,1352,1356,1361,1365,1369,1373,1377,1381,1385,1389,1392,1396,1399,1403,1406,1410,1414,1418,1421,1425,1430,1434,1438,1443,1447,1452,1456,1461,1465,1469,1473,1477,1480,1483,1485,1487,1488,1489,1491,1492,1494,1497,1499,1504,1508,1512,1517,1521,1526,1531,1536,1541
394974,"Philadelphia, PA",5,1331,1335,1340,1344,1349,1353,1357,1362,1366,1371,1375,1379,1383,1386,1389,1392,1396,1399,1403,1407,1410,1414,1418,1421,1425,1429,1432,1436,1440,1443,1447,1450,1454,1457,1460,1462,1465,1467,1470,1472,1474,1476,1478,1481,1483,1486,1489,1492,1495,1499,1503,1507,1511,1516,1520,1524,1529,1533,1538,1542,1547,1551,1556,1560,1565,1569,1573,1577,1581,1584,1586,1589,1591,1592,1594,1595,1598,1600,1603,1606,1610,1614,1618,1622,1626,1630,1634,1638
394692,"Houston, TX",6,1204,1216,1227,1239,1249,1260,1271,1282,1292,1303,1311,1318,1326,1330,1334,1338,1341,1345,1348,1350,1352,1355,1356,1357,1359,1359,1360,1360,1360,1361,1361,1360,1360,1359,1359,1358,1358,1358,1359,1359,1362,1364,1367,1370,1374,1378,1383,1387,1392,1396,1400,1404,1406,1408,1410,1411,1413,1414,1416,1417,1419,1421,1423,1425,1427,1430,1432,1434,1436,1438,1438,1438,1437,1437,1436,1436,1436,1436,1437,1438,1439,1441,1442,1444,1446,1448,1450,1452
395209,"Washington, DC",7,1796,1805,1813,1821,1829,1836,1844,1851,1859,1866,1872,1877,1882,1885,1888,1891,1894,1897,1900,1904,1908,1912,1916,1919,1923,1926,1928,1931,1934,1936,1938,1941,1943,1946,1949,1952,1955,1959,1962,1965,1967,1970,1972,1974,1975,1977,1980,1982,1985,1988,1992,1996,2001,2005,2010,2016,2021,2026,2031,2036,2042,2046,2051,2056,2061,2065,2070,2073,2077,2080,2080,2080,2080,2077,2073,2069,2064,2058,2053,2047,2042,2036,2030,2025,2019,2014,2009,2004
394856,"Miami-Fort Lauderdale, FL",8,1548,1556,1565,1573,1582,1590,1598,1607,1615,1624,1632,1640,1649,1656,1664,1672,1680,1688,1695,1703,1710,1718,1724,1731,1737,1743,1748,1753,1757,1761,1764,1767,1770,1772,1775,1777,1779,1782,1784,1787,1790,1792,1795,1798,1801,1804,1808,1812,1816,1820,1824,1829,1833,1838,1843,1847,1851,1855,1859,1863,1867,1870,1874,1877,1881,1885,1889,1893,1898,1902,1905,1907,1910,1912,1914,1917,1920,1923,1927,1934,1941,1948,1956,1963,1971,1979,1988,1996
394347,"Atlanta, GA",9,1103,1108,1113,1118,1123,1128,1133,1138,1143,1148,1153,1159,1164,1169,1175,1180,1185,1190,1196,1201,1207,1212,1219,1225,1231,1237,1244,1250,1257,1263,1270,1276,1282,1287,1293,1299,1304,1310,1316,1321,1327,1332,1338,1344,1350,1355,1362,1368,1374,1380,1387,1394,1401,1408,1416,1423,1431,1438,1445,1452,1459,1466,1472,1479,1485,1490,1496,1500,1504,1509,1512,1515,1519,1523,1527,1531,1538,1545,1552,1562,1572,1582,1592,1603,1613,1624,1635,1646
394404,"Boston, MA",10,2049,2057,2064,2072,2079,2086,2093,2100,2107,2114,2121,2127,2134,2140,2147,2153,2160,2167,2174,2182,2190,2198,2206,2213,2221,2229,2236,2244,2251,2259,2266,2273,2280,2287,2293,2300,2306,2312,2317,2323,2328,2333,2339,2344,2348,2353,2359,2364,2369,2375,2381,2387,2394,2400,2406,2412,2418,2425,2431,2437,2444,2450,2457,2463,2470,2477,2483,2489,2495,2500,2501,2501,2501,2494,2487,2480,2467,2455,2442,2431,2420,2409,2398,2386,2375,2364,2354,2343
395057,"San Francisco, CA",11,2104,2143,2182,2221,2259,2297,2335,2372,2410,2448,2483,2518,2553,2581,2609,2637,2660,2683,2706,2726,2745,2765,2781,2796,2812,2822,2833,2844,2850,2857,2863,2868,2872,2877,2882,2887,2892,2899,2906,2913,2920,2928,2935,2942,2949,2956,2963,2970,2977,2985,2993,3001,3010,3020,3029,3038,3048,3057,3066,3075,3084,3091,3099,3107,3114,3121,3128,3133,3138,3143,3140,3138,3135,3121,3107,3094,3072,3050,3028,3006,2983,2961,2939,2916,2894,2872,2850,2828
394532,"Detroit, MI",12,1114,1118,1122,1125,1129,1132,1136,1139,1143,1147,1150,1153,1157,1160,1163,1165,1169,1172,1175,1178,1181,1184,1188,1191,1194,1198,1201,1205,1208,1211,1215,1218,1221,1224,1228,1231,1235,1238,1242,1245,1249,1253,1256,1260,1264,1268,1272,1276,1280,1284,1288,1292,1296,1300,1304,1308,1312,1315,1319,1323,1326,1330,1334,1337,1340,1344,1347,1350,1353,1356,1359,1361,1364,1368,1372,1376,1382,1389,1395,1404,1412,1420,1429,1438,1446,1455,1464,1473
395025,"Riverside, CA",13,1440,1447,1455,1463,1470,1478,1486,1493,1501,1509,1516,1523,1530,1537,1544,1551,1558,1564,1571,1578,1585,1591,1598,1605,1612,1618,1625,1632,1639,1646,1653,1660,1667,1675,1683,1691,1699,1707,1716,1724,1732,1740,1748,1757,1765,1773,1782,1790,1799,1808,1816,1825,1834,1843,1851,1859,1867,1875,1882,1889,1897,1904,1912,1919,1927,1934,1942,1949,1956,1963,1970,1977,1984,1994,2003,2013,2029,2044,2059,2079,2099,2119,2140,2161,2182,2203,2225,2247
394976,"Phoenix, AZ",14,981,986,991,996,1000,1005,1010,1016,1021,1026,1031,1037,1042,1047,1053,1058,1064,1069,1075,1080,1085,1090,1096,1101,1106,1112,1118,1123,1129,1135,1141,1146,1151,1156,1161,1166,1171,1175,1180,1184,1188,1192,1196,1200,1205,1210,1216,1222,1228,1235,1243,1250,1258,1267,1275,1283,1292,1300,1309,1317,1326,1334,1343,1352,1361,1370,1379,1388,1396,1405,1411,1418,1424,1431,1438,1445,1455,1465,1475,1487,1500,1513,1526,1540,1553,1567,1581,1595
395078,"Seattle, WA",15,1324,1338,1351,1365,1378,1391,1404,1417,1430,1443,1455,1466,1478,1487,1497,1506,1516,1525,1535,1545,1555,1565,1575,1586,1597,1607,1618,1628,1638,1649,1659,1669,1679,1689,1699,1709,1719,1729,1738,1747,1755,1762,1769,1775,1781,1786,1791,1796,1801,1806,1810,1815,1821,1827,1832,1838,1845,1851,1858,1865,1871,1879,1886,1893,1901,1909,1917,1925,1932,1940,1943,1947,1950,1949,1948,1947,1940,1934,1928,1921,1914,1907,1899,1892,1885,1878,1871,1863
394865,"Minneapolis-St Paul, MN",16,1186,1193,1199,1205,1211,1217,1223,1229,1235,1241,1246,1251,1257,1260,1264,1268,1272,1277,1281,1286,1290,1295,1300,1304,1309,1314,1319,1324,1329,1334,1339,1344,1349,1354,1359,1364,1369,1374,1379,1384,1388,1393,1398,1402,1407,1411,1416,1420,1425,1430,1435,1440,1445,1449,1454,1459,1464,1469,1474,1479,1484,1488,1493,1498,1502,1507,1512,1516,1520,1525,1527,1529,1532,1533,1535,1536,1537,1538,1540,1540,1541,1542,1543,1544,1544,1545,1546,1547
395056,"San Diego, CA",17,1634,1647,1660,1673,1686,1698,1711,1724,1737,1749,1761,1773,1784,1794,1804,1814,1823,1832,1840,1849,1857,1865,1874,1883,1892,1902,1911,1920,1929,1938,1947,1956,1965,1973,1982,1991,1999,2008,2017,2025,2033,2041,2050,2057,2065,2073,2081,2089,2097,2105,2114,2122,2130,2138,2146,2153,2160,2166,2172,2178,2184,2189,2195,2201,2207,2213,2219,2225,2230,2236,2240,2244,2247,2251,2255,2259,2266,2273,2280,2290,2300,2310,2321,2332,2342,2353,2365,2376
395121,"St. Louis, MO",18,964,967,970,973,976,979,982,985,988,991,994,996,999,1001,1003,1005,1007,1009,1012,1014,1016,1019,1021,1024,1026,1028,1031,1033,1036,1038,1040,1042,1044,1046,1047,1049,1051,1052,1054,1056,1057,1059,1060,1062,1064,1065,1067,1069,1071,1074,1076,1078,1080,1082,1085,1087,1089,1091,1094,1096,1099,1102,1105,1108,1111,1114,1117,1121,1124,1127,1130,1133,1136,1139,1142,1145,1149,1153,1157,1160,1164,1168,1172,1176,1180,1184,1188,1192
395148,"Tampa, FL",19,1117,1122,1127,1132,1137,1142,1147,1152,1157,1162,1167,1172,1177,1182,1187,1192,1197,1202,1207,1212,1218,1223,1229,1234,1240,1246,1251,1257,1262,1267,1272,1277,1281,1286,1291,1295,1300,1305,1309,1314,1318,1323,1328,1333,1338,1344,1349,1355,1361,1367,1373,1379,1384,1389,1395,1400,1405,1410,1415,1420,1425,1430,1435,1440,1445,1451,1456,1461,1466,1471,1476,1480,1484,1489,1495,1500,1508,1516,1524,1534,1545,1556,1567,1578,1589,1601,1613,1624
394358,"Baltimore, MD",20,1475,1483,1491,1499,1506,1514,1521,1528,1536,1543,1548,1552,1557,1560,1562,1565,1567,1569,1571,1573,1575,1578,1579,1581,1583,1584,1585,1586,1587,1587,1587,1587,1588,1588,1589,1589,1590,1591,1593,1594,1595,1597,1598,1599,1600,1602,1603,1605,1606,1608,1609,1611,1613,1615,1617,1620,1623,1626,1629,1633,1636,1639,1642,1645,1648,1651,1654,1656,1657,1659,1659,1659,1659,1659,1659,1660,1663,1665,1668,1673,1678,1683,1689,1695,1700,1706,1712,1719
394530,"Denver, CO",21,1130,1150,1170,1191,1210,1230,1250,1269,1288,1308,1325,1341,1358,1370,1382,1394,1403,1413,1423,1431,1440,1449,1456,1464,1471,1477,1483,1489,1493,1498,1502,1505,1509,1512,1517,1521,1525,1529,1534,1538,1543,1548,1552,1557,1562,1566,1571,1576,1580,1586,1591,1596,1602,1607,1613,1619,1625,1630,1636,1641,1647,1652,1657,1662,1667,1672,1676,1680,1683,1687,1688,1689,1690,1690,1689,1689,1689,1689,1690,1692,1694,1696,1699,1701,1704,1707,1710,1713
394982,"Pittsburgh, PA",22,,1002,1005,1009,1012,1016,1019,1022,1025,1029,1032,1034,1036,1038,1039,1040,1041,1043,1045,1047,1049,1051,1054,1055,1056,1058,1058,1059,1060,1061,1062,1063,1065,1066,1067,1069,1070,1072,1074,1075,1077,1078,1080,1082,1084,1085,1087,1090,1093,1095,1099,1102,1106,1110,1113,1117,1120,1122,1125,1128,1131,1133,1137,1140,1143,1147,1150,1154,1158,1161,1164,1167,1170,1172,1174,1176,1178,1179,1181,1183,1185,1187,1189,1192,1194,1196,1199,1201
394998,"Portland, OR",23,1123,1135,1148,1160,1172,1184,1196,1208,1220,1232,1244,1256,1268,1280,1291,1303,1314,1325,1336,1347,1358,1369,1379,1389,1399,1407,1415,1423,1429,1436,1442,1447,1452,1458,1462,1466,1470,1474,1478,1482,1485,1488,1491,1494,1496,1499,1502,1505,1508,1511,1515,1518,1522,1526,1531,1535,1540,1544,1549,1553,1558,1563,1567,1572,1577,1582,1587,1591,1595,1599,1601,1602,1604,1606,1607,1608,1610,1612,1614,1617,1620,1623,1627,1630,1634,1637,1641,1645
394458,"Charlotte, NC",24,1119,1124,1129,1134,1139,1143,1148,1153,1158,1163,1168,1173,1178,1183,1188,1193,1199,1205,1210,1216,1222,1228,1234,1240,1246,1251,1257,1263,1268,1273,1278,1283,1288,1293,1297,1302,1307,1311,1316,1320,1324,1328,1332,1336,1340,1344,1349,1353,1358,1363,1368,1373,1379,1385,1391,1397,1403,1409,1415,1421,1427,1433,1439,1445,1450,1456,1461,1465,1470,1474,1476,1478,1480,1482,1484,1486,1490,1494,1497,1503,1509,1515,1521,1528,1534,1541,1548,1555
395045,"Sacramento, CA",25,1223,1229,1236,1242,1248,1255,1261,1268,1274,1281,1288,1294,1301,1309,1316,1324,1332,1340,1347,1356,1365,1374,1384,1394,1404,1413,1423,1433,1442,1452,1461,1471,1481,1490,1500,1511,1521,1532,1542,1553,1563,1573,1583,1592,1601,1610,1618,1626,1634,1641,1648,1656,1663,1670,1677,1685,1692,1700,1708,1715,1723,1730,1737,1744,1751,1758,1764,1770,1776,1781,1787,1792,1797,1804,1811,1818,1828,1839,1849,1862,1874,1887,1900,1913,1926,1939,1953,1966
395055,"San Antonio, TX",26,1039,1043,1048,1053,1057,1062,1067,1071,1076,1081,1085,1090,1094,1098,1102,1106,1111,1115,1119,1123,1127,1131,1135,1138,1142,1146,1149,1153,1156,1160,1163,1166,1170,1173,1176,1179,1182,1184,1187,1189,1191,1193,1196,1198,1200,1202,1204,1207,1209,1213,1216,1219,1222,1225,1229,1232,1235,1239,1242,1246,1249,1253,1257,1261,1264,1268,1272,1276,1279,1282,1284,1285,1287,1288,1289,1290,1292,1294,1296,1300,1303,1306,1309,1313,1316,1320,1324,1327
394943,"Orlando, FL",27,1187,1192,1197,1202,1207,1212,1216,1221,1226,1231,1236,1241,1245,1250,1255,1260,1266,1271,1277,1283,1288,1294,1300,1306,1311,1317,1323,1328,1333,1339,1344,1349,1355,1360,1365,1371,1376,1382,1388,1394,1401,1407,1413,1421,1428,1435,1442,1450,1457,1465,1472,1479,1486,1493,1499,1505,1511,1517,1522,1528,1533,1538,1543,1549,1553,1558,1562,1566,1569,1573,1575,1577,1579,1580,1581,1583,1585,1588,1590,1595,1599,1604,1608,1613,1618,1623,1628,1634
394466,"Cincinnati, OH",28,973,975,978,980,982,985,987,990,992,995,998,1001,1004,1008,1011,1015,1019,1023,1027,1031,1035,1038,1042,1045,1048,1051,1054,1056,1059,1062,1065,1069,1072,1076,1080,1083,1087,1091,1094,1098,1101,1105,1108,1111,1114,1117,1120,1123,1126,1130,1134,1138,1142,1147,1151,1156,1161,1166,1171,1177,1182,1187,1193,1198,1203,1208,1213,1217,1222,1227,1230,1234,1238,1242,1246,1250,1255,1260,1266,1272,1278,1284,1290,1297,1303,1310,1316,1323
394475,"Cleveland, OH",29,987,990,993,996,999,1002,1005,1008,1011,1015,1019,1023,1027,1031,1035,1039,1043,1047,1051,1054,1057,1061,1064,1068,1072,1076,1080,1083,1085,1087,1089,1089,1089,1089,1088,1087,1086,1085,1084,1083,1084,1085,1086,1088,1089,1091,1093,1095,1097,1100,1103,1105,1108,1111,1114,1117,1121,1124,1127,1130,1133,1136,1138,1140,1142,1144,1146,1148,1150,1152,1153,1155,1157,1160,1163,1166,1170,1174,1179,1184,1189,1195,1201,1206,1212,1218,1224,1229
394735,"Kansas City, MO",30,922,926,929,933,937,940,944,947,951,954,957,960,963,965,967,970,972,975,978,982,985,988,991,994,998,1001,1004,1007,1010,1014,1017,1020,1023,1026,1030,1033,1036,1039,1042,1045,1048,1050,1053,1056,1058,1061,1064,1067,1070,1072,1075,1078,1080,1083,1085,1088,1091,1093,1096,1099,1102,1105,1107,1110,1114,1117,1120,1124,1128,1131,1135,1139,1142,1147,1151,1156,1161,1165,1170,1175,1180,1185,1190,1195,1200,1204,1209,1214
394775,"Las Vegas, NV",31,1026,1029,1032,1035,1038,1041,1045,1048,1051,1054,1058,1061,1065,1068,1072,1076,1080,1084,1088,1092,1096,1101,1105,1110,1114,1119,1123,1128,1132,1136,1141,1145,1149,1154,1158,1163,1168,1173,1178,1183,1189,1194,1200,1206,1212,1218,1224,1231,1238,1245,1252,1260,1267,1275,1282,1289,1297,1304,1312,1319,1326,1333,1340,1347,1353,1359,1365,1369,1374,1379,1381,1384,1387,1391,1396,1400,1408,1415,1423,1433,1444,1454,1465,1476,1487,1498,1510,1521
394492,"Columbus, OH",32,954,957,961,965,968,972,976,979,983,987,991,995,999,1003,1007,1011,1014,1018,1022,1026,1030,1034,1037,1041,1045,1048,1051,1054,1056,1059,1061,1064,1067,1070,1073,1076,1079,1083,1086,1090,1093,1097,1101,1105,1108,1112,1116,1120,1124,1129,1133,1137,1141,1145,1149,1153,1157,1161,1165,1168,1172,1175,1179,1182,1186,1189,1193,1197,1200,1204,1207,1211,1214,1219,1223,1228,1233,1239,1245,1251,1257,1263,1270,1276,1282,1289,1295,1302
394705,"Indianapolis, IN",33,1012,1015,1018,1021,1024,1026,1029,1032,1035,1038,1040,1043,1045,1047,1050,1052,1055,1058,1060,1063,1066,1069,1073,1076,1079,1082,1085,1088,1091,1093,1095,1097,1099,1101,1103,1105,1108,1110,1113,1115,1118,1121,1125,1128,1131,1135,1138,1141,1145,1148,1151,1155,1158,1161,1164,1168,1171,1174,1179,1183,1187,1191,1196,1200,1205,1209,1214,1218,1222,1226,1230,1235,1239,1245,1250,1256,1263,1270,1277,1284,1292,1300,1308,1316,1324,1332,1340,1348
395059,"San Jose, CA",34,2048,2093,2139,2185,2229,2273,2317,2360,2403,2447,2483,2520,2557,2584,2611,2638,2660,2683,2705,2723,2741,2759,2772,2784,2797,2804,2810,2817,2820,2823,2826,2827,2829,2831,2833,2836,2838,2843,2848,2853,2860,2867,2874,2884,2893,2902,2913,2924,2936,2948,2960,2972,2984,2995,3006,3016,3026,3036,3043,3050,3057,3062,3067,3072,3077,3083,3089,3093,3098,3103,3102,3100,3099,3089,3080,3070,3054,3038,3021,3004,2986,2968,2950,2932,2914,2896,2879,2861
394355,"Austin, TX",35,1164,1173,1182,1191,1200,1208,1217,1225,1234,1242,1250,1257,1265,1270,1276,1282,1288,1294,1299,1305,1310,1316,1321,1325,1330,1333,1337,1340,1343,1345,1348,1350,1352,1354,1356,1358,1359,1361,1362,1364,1364,1365,1366,1367,1367,1368,1370,1373,1375,1379,1383,1387,1393,1398,1404,1409,1415,1420,1426,1431,1436,1442,1447,1453,1458,1463,1468,1472,1476,1480,1481,1482,1482,1481,1479,1477,1476,1475,1473,1475,1476,1477,1479,1480,1482,1484,1486,1489
395194,"Virginia Beach, VA",36,1171,1175,1179,1183,1186,1190,1194,1197,1201,1204,1207,1210,1213,1214,1216,1217,1219,1221,1222,1224,1226,1228,1230,1231,1233,1234,1236,1237,1238,1239,1240,1241,1242,1244,1245,1247,1248,1250,1252,1254,1256,1258,1260,1262,1263,1265,1267,1269,1271,1273,1275,1277,1279,1282,1284,1287,1290,1293,1296,1299,1302,1305,1309,1312,1315,1319,1322,1325,1327,1330,1333,1335,1338,1342,1346,1350,1357,1363,1369,1377,1385,1393,1402,1410,1419,1427,1436,1445
394902,"Nashville, TN",37,1138,1151,1163,1175,1187,1199,1211,1223,1235,1247,1257,1267,1278,1285,1292,1299,1306,1313,1320,1327,1334,1341,1348,1356,1363,1370,1377,1384,1390,1396,1402,1406,1411,1415,1419,1423,1427,1431,1434,1438,1441,1443,1446,1449,1452,1455,1458,1461,1464,1467,1471,1474,1478,1482,1486,1490,1495,1499,1504,1508,1513,1518,1523,1528,1535,1541,1547,1553,1558,1564,1568,1571,1575,1577,1580,1582,1584,1586,1588,1592,1595,1599,1603,1606,1610,1614,1618,1622
395005,"Providence, RI",38,1057,1063,1069,1076,1082,1088,1094,1101,1107,1113,1119,1125,1130,1135,1140,1145,1150,1156,1161,1166,1172,1177,1181,1186,1190,1195,1199,1204,1208,1213,1217,1222,1226,1231,1236,1241,1246,1251,1257,1262,1267,1272,1277,1282,1287,1291,1296,1301,1306,1311,1315,1320,1323,1327,1331,1335,1339,1343,1348,1352,1357,1362,1367,1371,1376,1381,1386,1390,1395,1400,1404,1408,1412,1418,1424,1430,1439,1449,1459,1470,1482,1494,1506,1519,1531,1544,1556,1569
394862,"Milwaukee, WI",39,999,1004,1009,1013,1018,1023,1027,1032,1036,1041,1045,1048,1052,1055,1057,1060,1062,1064,1066,1068,1070,1072,1075,1077,1079,1080,1082,1083,1085,1087,1088,1090,1091,1093,1094,1095,1096,1098,1099,1100,1102,1103,1104,1106,1108,1109,1111,1112,1114,1116,1118,1120,1122,1124,1126,1129,1131,1133,1136,1138,1141,1144,1146,1149,1151,1154,1156,1158,1161,1163,1165,1167,1169,1171,1173,1176,1178,1181,1183,1186,1189,1192,1195,1198,1201,1204,1207,1210
394714,"Jacksonville, FL",40,1078,1079,1081,1083,1085,1087,1089,1091,1093,1095,1097,1099,1102,1105,1108,1110,1114,1117,1120,1123,1127,1131,1134,1138,1141,1145,1148,1151,1154,1158,1161,1164,1167,1170,1174,1177,1181,1185,1189,1193,1198,1202,1207,1212,1216,1221,1226,1232,1237,1242,1247,1252,1256,1261,1266,1270,1274,1279,1283,1287,1291,1295,1299,1303,1307,1311,1315,1318,1321,1325,1327,1330,1333,1337,1341,1344,1351,1357,1363,1371,1380,1388,1397,1406,1415,1424,1433,1442
394849,"Memphis, TN",41,1055,1058,1062,1065,1068,1071,1074,1077,1080,1083,1085,1088,1090,1091,1093,1094,1096,1097,1098,1100,1102,1103,1105,1107,1109,1111,1114,1116,1118,1120,1122,1124,1125,1127,1129,1131,1132,1134,1135,1137,1139,1141,1142,1145,1147,1150,1153,1156,1159,1163,1166,1170,1173,1177,1181,1184,1188,1192,1195,1199,1203,1207,1211,1214,1218,1222,1226,1231,1235,1240,1245,1251,1257,1265,1273,1281,1291,1301,1310,1321,1332,1343,1353,1364,1375,1386,1397,1408
394935,"Oklahoma City, OK",42,960,964,968,972,975,979,983,987,990,994,997,1000,1003,1004,1006,1008,1008,1009,1010,1010,1011,1011,1011,1011,1011,1011,1010,1010,1009,1009,1008,1008,1007,1007,1007,1007,1007,1008,1009,1010,1011,1013,1014,1016,1017,1019,1020,1022,1023,1025,1026,1028,1030,1032,1035,1037,1040,1043,1047,1050,1054,1057,1060,1063,1066,1069,1071,1073,1075,1077,1078,1079,1080,1082,1084,1086,1089,1093,1096,1100,1104,1108,1113,1117,1122,1126,1131,1135
394807,"Louisville-Jefferson County, KY",43,816,822,827,833,839,844,850,855,861,866,871,875,880,882,885,888,890,892,895,897,899,901,903,906,908,912,915,918,922,926,929,933,936,940,943,946,949,952,955,958,960,962,965,967,969,972,974,976,978,981,983,985,988,991,994,996,999,1002,1004,1007,1010,1012,1014,1017,1019,1021,1023,1025,1028,1030,1033,1035,1038,1041,1045,1048,1052,1056,1060,1064,1068,1072,1076,1080,1084,1088,1092,1096
394669,"Hartford, CT",44,1185,1193,1201,1209,1216,1224,1231,1239,1246,1253,1259,1265,1270,1273,1276,1279,1281,1282,1284,1287,1289,1291,1293,1295,1298,1300,1302,1304,1306,1308,1310,1312,1314,1316,1319,1321,1323,1325,1327,1329,1331,1333,1335,1337,1339,1341,1343,1345,1347,1350,1353,1356,1360,1364,1367,1371,1374,1378,1380,1383,1386,1388,1390,1393,1395,1397,1399,1401,1404,1406,1409,1412,1415,1419,1424,1428,1434,1440,1447,1454,1461,1468,1476,1483,1491,1498,1506,1513
395022,"Richmond, VA",45,1039,1044,1050,1056,1061,1067,1072,1077,1083,1088,1092,1096,1099,1101,1104,1106,1108,1110,1112,1114,1117,1120,1124,1128,1132,1135,1139,1142,1144,1146,1148,1149,1150,1152,1154,1156,1158,1161,1164,1167,1171,1175,1179,1184,1188,1193,1197,1201,1205,1209,1212,1216,1219,1222,1225,1228,1230,1233,1236,1239,1243,1246,1250,1254,1258,1262,1267,1271,1275,1280,1282,1285,1288,1290,1293,1295,1299,1303,1306,1311,1317,1322,1327,1333,1338,1344,1349,1355
394910,"New Orleans, LA",46,1040,1047,1055,1063,1070,1077,1084,1092,1099,1106,1111,1116,1122,1124,1127,1129,1132,1135,1137,1139,1141,1143,1145,1146,1148,1150,1152,1154,1156,1159,1161,1163,1165,1168,1170,1172,1174,1176,1178,1180,1181,1182,1183,1184,1184,1185,1186,1187,1188,1189,1190,1191,1192,1193,1195,1196,1197,1198,1200,1201,1203,1205,1207,1210,1213,1216,1219,1222,1225,1228,1230,1233,1235,1236,1238,1240,1243,1246,1250,1255,1261,1266,1272,1278,1284,1290,1296,1302
394425,"Buffalo, NY",47,876,879,882,885,888,891,894,897,901,904,907,911,914,919,923,927,931,935,939,943,946,949,952,956,959,962,965,968,971,974,977,980,983,987,990,993,996,998,1001,1003,1006,1008,1010,1012,1014,1016,1019,1021,1024,1027,1030,1033,1036,1039,1042,1045,1048,1051,1054,1057,1060,1062,1065,1067,1070,1073,1076,1079,1082,1085,1089,1092,1096,1100,1104,1108,1113,1117,1122,1127,1132,1137,1142,1148,1153,1158,1163,1169
395012,"Raleigh, NC",48,1170,1174,1178,1182,1186,1190,1194,1198,1202,1206,1210,1215,1219,1223,1227,1231,1235,1239,1242,1246,1250,1254,1258,1262,1266,1270,1274,1279,1283,1287,1291,1295,1298,1302,1305,1308,1311,1314,1317,1320,1322,1325,1328,1331,1333,1336,1339,1343,1346,1349,1353,1356,1360,1365,1369,1373,1378,1382,1388,1393,1398,1403,1409,1414,1420,1425,1430,1434,1438,1442,1444,1446,1448,1449,1451,1453,1456,1460,1463,1468,1474,1479,1485,1491,1497,1503,1509,1515
394388,"Birmingham, AL",49,947,950,953,956,959,962,965,968,971,974,977,979,982,984,986,988,990,992,994,996,998,1000,1001,1003,1004,1006,1007,1008,1009,1010,1011,1012,1012,1013,1015,1016,1018,1020,1022,1024,1026,1028,1030,1032,1033,1035,1037,1039,1041,1043,1045,1047,1050,1053,1056,1060,1064,1068,1072,1077,1081,1084,1088,1091,1094,1096,1099,1101,1103,1105,1107,1109,1112,1116,1120,1124,1129,1134,1140,1145,1150,1155,1161,1166,1172,1177,1183,1188
395053,"Salt Lake City, UT",50,1033,1039,1045,1050,1056,1062,1068,1073,1079,1084,1089,1094,1099,1102,1106,1110,1114,1118,1122,1127,1132,1137,1142,1147,1151,1156,1161,1166,1171,1176,1180,1185,1190,1194,1199,1204,1210,1215,1220,1225,1230,1235,1240,1245,1250,1255,1260,1266,1272,1277,1282,1288,1293,1299,1305,1310,1316,1322,1327,1332,1337,1342,1347,1352,1356,1361,1365,1368,1371,1374,1376,1378,1380,1382,1384,1386,1390,1394,1398,1404,1410,1417,1423,1430,1437,1444,1451,1458
395031,"Rochester, NY",51,969,973,977,981,984,988,992,995,999,1003,1006,1009,1012,1015,1017,1020,1023,1026,1029,1032,1035,1038,1040,1043,1045,1048,1050,1052,1054,1056,1058,1061,1063,1065,1068,1071,1074,1076,1079,1082,1085,1088,1091,1094,1097,1100,1103,1106,1110,1113,1116,1120,1122,1125,1128,1130,1133,1135,1137,1140,1142,1144,1146,1148,1150,1152,1154,1156,1159,1161,1163,1165,1168,1172,1176,1180,1186,1193,1199,1208,1216,1224,1233,1242,1251,1260,1269,1278
394640,"Grand Rapids, MI",52,839,845,851,857,863,869,875,881,887,893,898,904,909,915,920,925,931,937,943,949,956,962,969,977,984,991,998,1005,1012,1018,1025,1031,1037,1043,1049,1055,1060,1065,1070,1076,1080,1084,1088,1092,1096,1100,1104,1108,1111,1115,1119,1123,1128,1132,1137,1142,1146,1151,1155,1160,1165,1169,1174,1178,1183,1187,1192,1196,1200,1204,1207,1211,1214,1218,1222,1225,1230,1235,1240,1245,1251,1256,1262,1268,1274,1280,1286,1292
395167,"Tucson, AZ",53,965,966,967,969,970,972,973,975,976,978,979,981,982,984,985,987,989,991,993,995,997,1000,1002,1004,1007,1009,1012,1014,1017,1020,1023,1027,1030,1034,1038,1042,1046,1051,1055,1059,1063,1067,1071,1075,1079,1083,1087,1092,1096,1102,1107,1113,1119,1125,1131,1137,1143,1149,1155,1161,1167,1173,1179,1185,1190,1196,1202,1207,1213,1218,1222,1227,1231,1237,1243,1250,1259,1267,1276,1288,1299,1311,1323,1335,1347,1359,1372,1384
753924,"Urban Honolulu, HI",54,1687,1713,1740,1766,1791,1816,1842,1866,1891,1916,1935,1955,1974,1985,1996,2007,2013,2020,2026,2031,2037,2042,2047,2052,2057,2061,2066,2070,2073,2076,2080,2082,2084,2087,2089,2090,2092,2094,2095,2097,2099,2101,2103,2106,2108,2110,2112,2115,2117,2120,2123,2126,2130,2133,2136,2140,2143,2147,2150,2154,2157,2161,2164,2167,2170,2173,2177,2179,2181,2183,2183,2184,2184,2184,2183,2183,2183,2183,2183,2186,2189,2192,2195,2198,2201,2205,2209,2213
395169,"Tulsa, OK",55,942,948,953,959,964,969,975,980,985,991,995,999,1004,1006,1009,1011,1013,1015,1017,1018,1020,1021,1022,1024,1025,1027,1028,1029,1030,1031,1032,1032,1033,1033,1033,1033,1033,1033,1034,1034,1034,1035,1036,1037,1038,1039,1040,1042,1043,1045,1046,1048,1049,1051,1052,1054,1055,1057,1059,1061,1063,1066,1068,1071,1074,1077,1081,1084,1088,1091,1095,1098,1101,1105,1109,1113,1117,1122,1127,1133,1139,1145,1152,1158,1165,1171,1178,1185
394619,"Fresno, CA",56,1124,1129,1134,1139,1144,1149,1154,1159,1164,1169,1173,1177,1181,1184,1187,1191,1195,1198,1202,1206,1210,1215,1219,1224,1229,1233,1238,1243,1248,1252,1256,1261,1265,1270,1275,1280,1285,1291,1297,1303,1309,1315,1320,1326,1331,1336,1341,1346,1351,1357,1363,1368,1375,1382,1389,1396,1404,1412,1419,1426,1434,1441,1448,1455,1462,1469,1476,1483,1490,1496,1503,1509,1515,1522,1530,1537,1546,1555,1564,1577,1589,1601,1614,1627,1640,1653,1667,1680
395238,"Worcester, MA",57,1036,1041,1046,1051,1056,1061,1066,1070,1075,1080,1085,1089,1094,1098,1102,1105,1109,1112,1116,1119,1122,1126,1130,1135,1139,1145,1150,1155,1161,1167,1173,1179,1186,1192,1198,1203,1209,1214,1218,1223,1227,1231,1235,1239,1244,1248,1253,1258,1264,1270,1276,1282,1289,1295,1302,1308,1314,1320,1326,1332,1338,1344,1349,1355,1361,1367,1374,1380,1386,1392,1397,1402,1407,1412,1416,1421,1427,1434,1440,1447,1454,1462,1469,1476,1484,1492,1499,1507
394415,"Stamford, CT",58,1732,1748,1764,1779,1794,1809,1824,1839,1854,1868,1878,1888,1898,1904,1910,1916,1919,1923,1927,1930,1934,1937,1940,1943,1947,1949,1952,1955,1958,1961,1964,1967,1971,1974,1977,1980,1983,1986,1989,1992,1994,1997,1999,2002,2004,2006,2010,2013,2016,2020,2024,2028,2033,2038,2042,2047,2052,2057,2062,2066,2071,2076,2082,2087,2092,2097,2102,2107,2111,2116,2121,2125,2130,2136,2142,2147,2157,2168,2178,2190,2203,2215,2228,2241,2254,2268,2281,2295
394312,"Albuquerque, NM",59,1031,1034,1037,1040,1043,1046,1049,1053,1056,1059,1062,1065,1068,1070,1073,1075,1078,1080,1082,1084,1086,1089,1091,1093,1095,1098,1100,1102,1105,1107,1109,1111,1113,1115,1117,1119,1121,1123,1125,1127,1129,1132,1134,1136,1139,1141,1144,1146,1149,1152,1155,1158,1162,1165,1168,1171,1174,1178,1181,1185,1189,1194,1199,1203,1208,1214,1219,1224,1229,1234,1238,1243,1247,1252,1258,1263,1270,1278,1285,1295,1305,1315,1325,1335,1345,1356,1366,1377
394308,"Albany, NY",60,1038,1044,1051,1057,1063,1068,1074,1080,1085,1091,1094,1097,1101,1102,1103,1104,1106,1107,1108,1110,1113,1115,1117,1120,1122,1125,1128,1131,1135,1139,1143,1146,1149,1153,1155,1158,1161,1162,1164,1166,1166,1165,1165,1165,1166,1167,1169,1172,1174,1178,1182,1186,1190,1195,1200,1203,1206,1208,1209,1210,1211,1213,1214,1216,1217,1219,1221,1224,1228,1231,1234,1237,1240,1242,1244,1246,1250,1253,1257,1262,1266,1271,1276,1281,1286,1291,1296,1301
394938,"Omaha, NE",61,938,943,948,954,959,964,969,975,980,985,991,997,1003,1007,1011,1015,1019,1022,1025,1027,1030,1032,1035,1037,1040,1044,1047,1050,1054,1057,1060,1063,1066,1069,1072,1075,1078,1081,1084,1086,1089,1091,1094,1096,1099,1101,1103,1105,1107,1109,1111,1114,1116,1119,1122,1125,1127,1130,1133,1137,1140,1143,1146,1150,1153,1157,1161,1165,1169,1173,1177,1182,1186,1191,1196,1201,1206,1211,1216,1221,1226,1231,1237,1242,1247,1252,1257,1263
394908,"New Haven, CT",62,1149,1156,1163,1170,1177,1183,1190,1196,1203,1210,1215,1220,1225,1228,1231,1234,1236,1238,1240,1243,1245,1247,1250,1252,1255,1258,1260,1263,1265,1268,1270,1273,1275,1278,1279,1281,1283,1285,1288,1290,1292,1295,1297,1300,1302,1305,1308,1311,1314,1317,1321,1324,1328,1331,1335,1338,1341,1344,1347,1350,1353,1355,1357,1360,1363,1366,1369,1372,1376,1380,1384,1388,1392,1397,1402,1407,1414,1420,1426,1432,1439,1446,1452,1459,1466,1473,1480,1487
394357,"Bakersfield, CA",63,1002,1007,1011,1016,1020,1025,1029,1033,1037,1042,1045,1048,1051,1052,1053,1054,1054,1055,1055,1055,1055,1056,1057,1058,1060,1063,1066,1069,1073,1077,1081,1085,1089,1093,1096,1099,1102,1105,1107,1110,1112,1115,1117,1120,1123,1126,1129,1133,1137,1142,1146,1151,1156,1161,1166,1171,1177,1182,1188,1193,1199,1204,1209,1215,1220,1226,1231,1236,1241,1247,1252,1258,1263,1270,1277,1285,1293,1302,1311,1320,1330,1340,1349,1359,1369,1379,1389,1399
394753,"Knoxville, TN",64,971,976,980,985,989,993,998,1002,1007,1011,1015,1018,1022,1024,1026,1029,1030,1031,1033,1034,1035,1036,1038,1040,1042,1045,1049,1052,1056,1059,1063,1067,1071,1074,1078,1082,1085,1089,1092,1096,1100,1103,1107,1110,1114,1118,1121,1125,1129,1133,1138,1142,1147,1152,1158,1163,1169,1175,1180,1186,1191,1195,1200,1204,1209,1213,1218,1221,1225,1229,1233,1236,1240,1245,1251,1257,1265,1273,1281,1290,1300,1310,1320,1330,1340,1351,1361,1372
394653,"Greenville, SC",65,977,980,983,986,990,993,996,1000,1003,1006,1010,1013,1017,1020,1024,1028,1033,1037,1042,1047,1053,1058,1064,1069,1075,1079,1083,1087,1090,1093,1095,1097,1099,1100,1102,1104,1106,1109,1112,1115,1119,1122,1126,1129,1133,1137,1140,1143,1146,1150,1154,1158,1162,1166,1170,1174,1178,1182,1186,1190,1194,1198,1202,1206,1210,1214,1217,1221,1224,1228,1230,1232,1234,1236,1237,1239,1243,1246,1250,1255,1261,1266,1272,1278,1284,1290,1297,1303
394952,"Ventura, CA",66,1975,1988,2001,2014,2027,2040,2053,2066,2078,2091,2102,2114,2125,2134,2144,2153,2161,2169,2177,2184,2192,2199,2208,2217,2225,2235,2244,2254,2263,2273,2283,2293,2304,2314,2324,2334,2343,2352,2360,2368,2376,2384,2392,2400,2407,2415,2423,2432,2440,2450,2459,2469,2478,2487,2497,2505,2513,2521,2529,2536,2543,2548,2553,2559,2564,2570,2575,2580,2585,2590,2594,2598,2602,2608,2615,2621,2633,2644,2655,2671,2687,2702,2719,2735,2752,2770,2787,2804
394318,"Allentown, PA",67,1126,1131,1136,1141,1146,1151,1156,1160,1165,1169,1173,1176,1179,1181,1183,1186,1189,1192,1195,1199,1202,1206,1210,1213,1217,1220,1223,1226,1229,1232,1234,1237,1239,1241,1244,1246,1249,1252,1254,1257,1260,1263,1267,1270,1273,1276,1279,1283,1287,1290,1294,1298,1301,1305,1309,1313,1317,1320,1325,1329,1333,1337,1342,1346,1350,1354,1359,1362,1366,1369,1372,1375,1378,1382,1386,1391,1399,1408,1417,1428,1440,1451,1463,1475,1487,1500,1512,1525
394561,"El Paso, TX",68,993,994,995,996,997,998,1000,1001,1002,1003,1004,1005,1005,1006,1007,1008,1008,1008,1009,1009,1010,1010,1011,1011,1012,1012,1013,1013,1014,1015,1016,1017,1017,1018,1018,1019,1019,1019,1019,1019,1019,1019,1019,1019,1019,1019,1020,1021,1022,1023,1025,1026,1028,1030,1031,1033,1035,1036,1038,1040,1042,1045,1047,1050,1053,1056,1060,1064,1067,1071,1076,1080,1084,1089,1094,1098,1104,1110,1116,1122,1129,1135,1142,1148,1155,1162,1169,1175
394367,"Baton Rouge, LA",69,1012,1022,1033,1043,1053,1063,1073,1083,1092,1102,1109,1117,1124,1127,1130,1133,1136,1138,1141,1144,1147,1150,1153,1156,1159,1163,1167,1171,1176,1181,1185,1189,1193,1197,1199,1202,1204,1204,1204,1204,1202,1200,1199,1197,1195,1193,1192,1192,1191,1192,1192,1192,1192,1193,1193,1193,1193,1193,1193,1193,1193,1193,1193,1193,1193,1193,1193,1193,1192,1192,1192,1193,1193,1195,1197,1199,1202,1205,1208,1212,1216,1220,1224,1227,1231,1235,1239,1243
394521,"Dayton, OH",70,,805,806,807,808,809,811,812,813,814,815,817,819,820,823,825,827,830,833,837,840,843,846,848,850,853,854,856,858,860,862,864,867,869,871,874,877,880,883,886,889,891,894,897,900,903,905,908,911,914,917,919,922,924,927,929,932,935,939,942,946,950,954,958,963,967,972,976,980,984,988,991,995,998,1002,1006,1011,1016,1021,1026,1032,1038,1044,1050,1056,1062,1068,1074
394486,"Columbia, SC",72,,941,944,948,951,954,957,960,963,966,969,971,972,973,973,973,972,973,974,975,977,979,981,983,985,988,991,994,997,1000,1004,1007,1010,1013,1015,1018,1020,1022,1024,1026,1028,1030,1033,1035,1038,1040,1043,1046,1049,1052,1055,1059,1062,1066,1070,1074,1078,1082,1086,1090,1094,1097,1100,1103,1106,1109,1111,1113,1116,1119,1122,1126,1129,1133,1137,1142,1147,1153,1160,1166,1173,1181,1188,1196,1203,1210,1218,1226
394648,"Greensboro, NC",73,987,991,996,1000,1003,1007,1011,1015,1019,1022,1026,1029,1032,1034,1037,1039,1040,1041,1042,1044,1045,1046,1047,1049,1050,1052,1055,1057,1060,1064,1068,1072,1076,1080,1083,1086,1090,1093,1095,1098,1100,1102,1104,1106,1108,1110,1113,1116,1118,1121,1123,1126,1129,1133,1136,1140,1144,1148,1153,1158,1162,1168,1173,1178,1183,1187,1192,1196,1201,1205,1209,1213,1217,1222,1227,1233,1240,1247,1254,1263,1271,1279,1288,1296,1305,1313,1322,1330
394304,"Akron, OH",74,743,747,751,755,759,763,767,771,774,778,781,785,788,790,792,793,795,797,798,800,802,803,805,806,808,810,812,814,816,818,820,822,824,825,828,830,832,833,835,837,838,839,840,842,843,845,846,847,848,849,850,851,852,853,854,855,856,857,859,860,861,864,866,868,871,875,878,881,884,888,891,895,898,902,905,909,913,917,920,925,930,935,940,945,950,955,960,965
753906,"North Port-Sarasota-Bradenton, FL",75,1396,1403,1411,1418,1426,1434,1441,1449,1457,1464,1472,1480,1489,1497,1505,1513,1520,1527,1535,1541,1547,1553,1558,1563,1568,1573,1578,1583,1588,1593,1598,1603,1608,1612,1616,1619,1623,1625,1628,1630,1632,1634,1636,1640,1643,1646,1651,1656,1662,1668,1675,1681,1687,1693,1699,1704,1709,1714,1719,1723,1727,1732,1736,1740,1745,1750,1755,1760,1765,1770,1774,1779,1784,1789,1795,1800,1808,1816,1823,1833,1843,1853,1864,1874,1885,1896,1906,1917
394798,"Little Rock, AR",76,818,819,819,820,821,821,822,823,823,824,825,826,827,828,829,829,831,832,833,834,835,836,836,837,838,839,840,841,842,843,844,845,846,848,849,850,851,852,853,854,855,856,857,858,859,859,860,861,862,863,864,865,867,868,870,871,873,875,877,879,880,882,884,885,887,889,890,892,894,896,898,901,903,906,909,913,917,921,925,930,935,940,945,951,956,961,966,972
395134,"Stockton, CA",77,1336,1345,1354,1363,1372,1381,1390,1399,1408,1416,1425,1434,1443,1452,1461,1471,1479,1488,1496,1506,1516,1526,1537,1547,1558,1568,1579,1590,1602,1613,1624,1635,1646,1658,1669,1681,1692,1703,1714,1726,1735,1745,1755,1764,1773,1782,1791,1799,1808,1816,1824,1833,1840,1848,1856,1864,1872,1880,1889,1898,1907,1915,1924,1932,1942,1952,1962,1973,1983,1993,2002,2011,2020,2030,2040,2050,2064,2078,2092,2110,2127,2144,2162,2180,2198,2216,2235,2253
394457,"Charleston, SC",78,1277,1289,1301,1313,1325,1336,1348,1360,1372,1383,1393,1403,1413,1420,1428,1435,1441,1447,1452,1458,1464,1470,1476,1483,1489,1495,1502,1508,1514,1520,1525,1531,1536,1541,1546,1551,1556,1561,1566,1571,1575,1580,1585,1589,1594,1598,1602,1606,1611,1615,1620,1624,1628,1631,1635,1638,1642,1645,1649,1653,1656,1661,1665,1669,1674,1680,1686,1691,1696,1701,1704,1706,1709,1712,1715,1718,1722,1726,1731,1737,1743,1749,1756,1763,1769,1776,1783,1791
395143,"Syracuse, NY",79,866,871,877,882,887,892,897,901,906,911,913,916,919,919,920,920,922,923,924,928,932,935,939,942,946,949,951,954,956,959,961,965,968,971,974,977,979,982,985,988,990,992,994,996,997,999,1001,1003,1006,1008,1010,1012,1013,1013,1014,1014,1014,1014,1015,1017,1018,1021,1025,1029,1034,1039,1043,1048,1053,1057,1062,1066,1070,1075,1081,1086,1092,1098,1104,1110,1117,1123,1130,1137,1144,1150,1157,1164
394484,"Colorado Springs, CO",80,1017,1025,1034,1042,1050,1058,1066,1074,1082,1090,1098,1105,1112,1118,1124,1129,1135,1140,1145,1151,1157,1163,1169,1176,1183,1190,1197,1204,1211,1219,1226,1233,1240,1247,1253,1260,1267,1273,1280,1287,1293,1300,1306,1313,1320,1326,1332,1338,1344,1349,1355,1360,1365,1370,1375,1380,1386,1391,1397,1403,1409,1416,1422,1429,1436,1443,1451,1457,1464,1470,1476,1482,1487,1494,1501,1508,1516,1523,1531,1541,1551,1560,1570,1580,1590,1600,1611,1621
395235,"Winston-Salem, NC",81,1002,1004,1006,1009,1011,1014,1016,1018,1021,1023,1025,1028,1030,1033,1035,1038,1041,1043,1046,1048,1051,1054,1057,1059,1062,1065,1067,1070,1072,1075,1077,1080,1082,1085,1088,1091,1094,1097,1101,1104,1108,1111,1114,1117,1120,1123,1126,1130,1133,1136,1139,1143,1147,1151,1155,1160,1164,1169,1174,1179,1185,1190,1195,1200,1205,1210,1215,1219,1224,1228,1232,1236,1240,1245,1250,1255,1261,1267,1274,1281,1288,1296,1303,1311,1318,1326,1334,1341
395224,"Wichita, KS",82,,728,731,734,737,739,741,744,746,748,750,751,753,754,753,753,753,753,753,753,754,755,756,757,758,759,760,761,762,762,762,763,763,763,763,763,764,764,764,765,765,766,767,767,768,768,769,770,771,772,773,774,775,776,777,778,779,779,780,782,783,784,785,787,789,791,793,795,797,799,801,803,805,807,810,812,814,817,819,822,825,828,830,833,836,839,842,845
395115,"Springfield, MA",83,1191,1195,1200,1204,1208,1212,1216,1220,1224,1228,1231,1233,1236,1238,1241,1243,1246,1248,1251,1254,1257,1260,1264,1268,1272,1276,1280,1283,1287,1290,1293,1296,1298,1300,1302,1304,1306,1308,1311,1314,1317,1321,1325,1329,1333,1337,1341,1345,1348,1352,1356,1359,1363,1366,1369,1372,1375,1378,1382,1387,1391,1395,1399,1403,1407,1412,1416,1420,1425,1429,1433,1436,1439,1442,1445,1448,1453,1457,1462,1469,1476,1483,1490,1498,1505,1512,1520,1528
394440,"Fort Myers, FL",84,1134,1145,1156,1166,1177,1187,1198,1209,1220,1231,1243,1255,1267,1279,1291,1304,1316,1328,1340,1352,1363,1375,1384,1394,1404,1411,1419,1426,1432,1438,1445,1449,1454,1459,1462,1466,1469,1473,1477,1480,1485,1489,1494,1498,1503,1507,1512,1516,1521,1526,1530,1535,1538,1542,1546,1550,1553,1557,1562,1566,1570,1575,1579,1583,1587,1591,1595,1599,1603,1606,1610,1614,1617,1623,1628,1633,1640,1647,1654,1663,1672,1681,1691,1700,1710,1719,1729,1739
394399,"Boise City, ID",85,887,892,897,901,906,911,916,920,925,930,935,939,944,949,953,958,963,968,973,978,983,988,993,998,1004,1010,1015,1021,1027,1033,1038,1044,1049,1055,1060,1066,1071,1077,1082,1088,1094,1100,1105,1112,1118,1124,1130,1137,1144,1151,1159,1167,1175,1183,1190,1199,1207,1215,1223,1231,1239,1246,1253,1260,1266,1272,1278,1284,1289,1294,1299,1303,1308,1314,1321,1327,1338,1349,1361,1377,1393,1409,1426,1442,1459,1477,1494,1512
395160,"Toledo, OH",86,756,759,762,764,767,770,773,775,778,781,784,786,789,791,792,794,796,797,798,799,800,801,803,804,806,809,812,815,818,821,823,826,828,830,832,833,835,836,838,839,840,842,843,845,846,848,850,853,855,857,859,860,862,863,865,866,868,869,871,872,874,876,878,880,881,882,884,885,886,887,889,891,893,896,899,903,908,912,917,922,928,933,938,943,948,953,958,963
394816,"Madison, WI",87,1124,1127,1130,1133,1135,1138,1141,1144,1147,1150,1155,1159,1164,1168,1172,1176,1180,1184,1188,1193,1197,1201,1205,1209,1212,1215,1219,1222,1225,1227,1230,1232,1235,1237,1239,1242,1244,1247,1249,1252,1254,1256,1259,1260,1262,1264,1265,1267,1269,1271,1274,1276,1280,1283,1287,1291,1295,1299,1302,1306,1309,1311,1314,1316,1319,1321,1323,1326,1328,1331,1334,1337,1339,1343,1346,1349,1353,1357,1361,1365,1369,1373,1378,1382,1386,1391,1395,1399
394766,"Lakeland, FL",88,1045,1048,1051,1055,1058,1061,1065,1068,1072,1075,1080,1084,1089,1093,1097,1102,1106,1110,1114,1119,1123,1127,1132,1137,1142,1148,1153,1159,1164,1170,1175,1180,1185,1190,1194,1198,1202,1206,1210,1214,1219,1223,1227,1233,1238,1243,1249,1256,1262,1269,1276,1283,1290,1298,1305,1312,1319,1326,1331,1337,1343,1348,1354,1359,1364,1369,1374,1379,1384,1389,1394,1400,1406,1412,1418,1425,1432,1440,1448,1456,1464,1472,1481,1489,1498,1506,1515,1523
394931,"Ogden, UT",89,928,934,941,947,953,960,966,972,978,984,988,993,998,1001,1005,1009,1013,1016,1020,1023,1026,1030,1033,1037,1040,1045,1049,1054,1059,1065,1070,1077,1083,1089,1096,1102,1108,1114,1119,1125,1129,1133,1138,1142,1147,1151,1156,1162,1167,1173,1179,1185,1192,1199,1205,1212,1219,1226,1232,1238,1245,1251,1257,1263,1269,1276,1282,1288,1294,1299,1304,1309,1313,1318,1323,1327,1333,1339,1345,1354,1362,1371,1379,1388,1397,1407,1416,1425
394528,"Daytona Beach, FL",90,1003,1008,1013,1018,1023,1029,1034,1039,1045,1050,1055,1061,1067,1073,1079,1085,1091,1097,1103,1109,1115,1120,1126,1132,1138,1144,1150,1156,1162,1168,1173,1179,1184,1190,1196,1201,1207,1213,1219,1226,1232,1237,1243,1250,1256,1262,1268,1275,1281,1287,1292,1298,1304,1309,1315,1321,1327,1333,1338,1343,1348,1353,1358,1363,1368,1373,1378,1382,1387,1392,1397,1402,1407,1413,1418,1423,1430,1437,1444,1453,1462,1471,1480,1490,1499,1508,1518,1528
394531,"Des Moines, IA",91,1027,1033,1039,1046,1052,1058,1064,1070,1076,1082,1086,1090,1094,1095,1096,1098,1098,1098,1098,1098,1098,1099,1099,1100,1101,1103,1105,1106,1108,1110,1112,1114,1115,1117,1119,1121,1123,1125,1126,1128,1128,1129,1129,1130,1130,1130,1131,1132,1133,1134,1136,1137,1139,1141,1142,1144,1145,1147,1147,1148,1148,1150,1151,1153,1155,1158,1160,1163,1165,1167,1169,1171,1173,1175,1177,1178,1181,1183,1185,1187,1189,1191,1194,1196,1198,1201,1203,1206
394711,"Jackson, MS",92,1115,1123,1131,1139,1146,1153,1159,1166,1173,1180,1185,1190,1194,1195,1197,1198,1200,1202,1204,1208,1211,1214,1216,1218,1219,1221,1222,1223,1224,1225,1226,1226,1226,1226,1226,1226,1226,1227,1227,1227,1228,1229,1229,1231,1233,1235,1237,1239,1241,1242,1243,1244,1245,1245,1246,1246,1246,1246,1247,1247,1247,1248,1249,1250,1251,1253,1254,1256,1259,1261,1263,1266,1269,1272,1275,1278,1281,1284,1288,1291,1294,1298,1301,1304,1308,1311,1315,1318
395245,"Youngstown, OH",93,,590,591,593,595,596,598,599,601,602,604,604,605,606,606,607,607,607,607,607,607,608,608,609,611,612,614,615,617,618,620,621,623,625,626,628,630,632,633,634,635,636,637,637,638,639,640,641,642,643,646,648,650,653,656,660,662,665,668,670,672,673,674,674,675,675,675,676,677,678,679,681,683,685,689,693,696,700,705,709,714,718,723,727,732,737,741,746
394352,"Augusta, GA",94,,918,920,921,922,923,925,926,927,929,930,932,933,935,937,939,941,942,944,946,948,950,951,953,955,957,959,961,963,965,966,968,970,972,973,976,978,980,982,984,987,989,992,995,997,999,1002,1004,1006,1008,1010,1012,1014,1016,1019,1021,1024,1027,1029,1033,1036,1040,1044,1048,1052,1056,1060,1064,1067,1070,1074,1078,1082,1086,1092,1097,1103,1110,1117,1124,1131,1138,1146,1154,1161,1169,1176,1184
395075,"Scranton, PA",95,614,624,,,,663,673,682,691,700,707,713,720,722,724,726,727,729,731,733,736,738,740,742,744,747,749,752,754,757,760,764,767,771,774,777,780,782,785,788,790,792,794,796,797,798,799,801,802,804,806,809,812,815,818,823,828,833,837,842,,,854,858,862,865,869,872,874,877,880,884,887,890,894,897,901,905,909,914,919,923,928,933,938,943,948,954
394666,"Harrisburg, PA",96,984,984,984,983,983,983,983,984,984,984,986,988,990,994,997,1000,1004,1007,1011,1013,1016,1019,1021,1024,1026,1029,1032,1034,1036,1038,1040,1041,1043,1044,1045,1045,1046,1047,1048,1049,1050,1051,1053,1054,1056,1058,1060,1062,1064,1067,1070,1074,1078,1082,1087,1091,1096,1100,1104,1108,1112,1115,1118,1122,1124,1127,1130,1132,1134,1136,1138,1140,1142,1145,1147,1150,1154,1158,1162,1167,1173,1179,1184,1190,1196,1202,1208,1214
394957,"Melbourne, FL",97,989,995,1000,1005,1011,1016,1022,1027,1033,1038,1045,1051,1058,1065,1072,1079,1086,1093,1101,1107,1114,1121,1128,1135,1142,1150,1157,1164,1172,1180,1188,1195,1203,1211,1218,1225,1232,1239,1245,1252,1259,1266,1273,1280,1287,1294,1302,1310,1318,1326,1333,1341,1348,1356,1363,1369,1375,1381,1386,1391,1395,1399,1403,1407,1411,1415,1419,1424,1430,1435,1440,1445,1451,1457,1463,1470,1477,1485,1492,1501,1510,1518,1527,1536,1545,1555,1564,1573
394460,"Chattanooga, TN",98,913,,,943,953,963,973,983,992,1002,1009,1016,1024,1027,1031,1035,1038,1041,1044,1047,1051,1055,1059,1064,1068,1073,1079,1084,1089,1094,1098,1100,1101,1102,1102,1102,1102,1102,1103,1103,1105,1106,1108,1112,1115,1119,1124,1129,1134,1139,1144,1148,1154,1159,1164,1169,1173,1178,1181,1185,1189,1192,1195,1198,1201,1204,1207,1210,1214,1217,1221,1225,1229,1234,1239,1245,1250,1256,1261,1267,1274,1280,1286,1293,1299,1305,1312,1318
395113,"Spokane, WA",99,903,904,905,906,908,910,911,913,915,917,921,924,927,932,937,942,947,952,957,962,966,970,974,978,981,986,990,994,999,1004,1009,1013,1017,1021,1025,1029,1033,1038,1043,1048,1053,1058,1064,1069,1075,1081,1087,1093,1099,1105,1110,1116,1121,1126,1132,1138,1143,1149,1155,1161,1167,1173,1178,1184,1189,1194,1199,1204,1209,1214,1219,1224,1229,1236,1242,1248,1257,1266,1275,1287,1298,1309,1320,1332,1343,1355,1367,1379
395006,"Provo, UT",100,995,1001,1007,1013,1018,1024,1030,1036,1042,1048,1053,1058,1063,1068,1072,1076,1081,1086,1091,1096,1100,1105,1110,1115,1120,1126,1132,1138,1142,1147,1152,1156,1161,1166,1171,1176,1181,1185,1190,1194,1198,1202,1206,1211,1215,1219,1224,1228,1233,1237,1242,1246,1251,1255,1260,1264,1268,1272,1276,1279,1283,1286,1290,1294,1297,1300,1303,1305,1308,1311,1313,1315,1318,1320,1323,1326,1332,1338,1343,1353,1362,1372,1381,1391,1401,1411,1422,1432
394549,"Durham, NC",104,1165,1167,1168,1170,1172,1174,1176,1178,1179,1181,1184,1186,1188,1191,1194,1198,1202,1206,1211,1217,1222,1228,1233,1238,1243,1248,1253,1258,1263,1268,1273,1277,1281,1284,1287,1290,1293,1296,1298,1301,1302,1304,1305,1307,1310,1312,1315,1318,1321,1324,1327,1331,1335,1339,1343,1349,1354,1359,1364,1370,1375,1381,1387,1393,1398,1403,1408,1411,1414,1417,1418,1419,1420,1421,1421,1422,1425,1427,1430,1434,1438,1441,1445,1449,1453,1458,1462,1467
394995,"Port St. Lucie, FL",119,1160,1169,1179,1188,1197,1207,1216,1225,1234,1242,1250,1257,1265,1270,1276,1281,1287,1293,1298,1305,1313,1320,1329,1337,1346,1354,1363,1371,1378,1385,1391,1397,1402,1407,1413,1418,1424,1430,1436,1442,1448,1455,1461,1468,1476,1483,1490,1498,1505,1513,1521,1529,1537,1545,1553,1559,1565,1571,1575,1579,1583,1587,1590,1594,1599,1605,1610,1618,1626,1634,1643,1652,1661,1671,1680,1690,1701,1712,1723,1736,1748,1761,1774,1787,1800,1813,1827,1840
394602,"Fort Collins, CO",159,1103,1117,1132,1147,1161,1175,1189,1203,1216,1230,1242,1253,1265,1273,1281,1290,1296,1303,1309,1315,1321,1327,1332,1337,1343,1347,1351,1355,1357,1360,1362,1365,1367,1370,1371,1373,1375,1377,1379,1381,1384,1387,1390,1392,1395,1398,1402,1405,1409,1414,1418,1422,1427,1431,1436,1440,1445,1450,1454,1458,1462,1465,1469,1472,1476,1480,1483,1486,1489,1491,1493,1495,1497,1500,1502,1504,1507,1510,1514,1518,1522,1526,1531,1535,1540,1545,1549,1554
394405,"Boulder, CO",162,1455,1468,1480,1492,1505,1517,1529,1541,1554,1566,1578,1590,1603,1614,1625,1636,1647,1658,1670,1680,1691,1701,1709,1717,1725,1730,1735,1741,1744,1746,1749,1752,1754,1756,1759,1762,1765,1769,1773,1777,1782,1787,1792,1797,1802,1807,1812,1818,1823,1829,1836,1842,1847,1852,1857,1862,1867,1872,1877,1883,1888,1892,1897,1902,1907,1913,1918,1922,1927,1931,1933,1934,1936,1938,1939,1940,1944,1948,1952,1959,1966,1973,1981,1988,1996,2004,2013,2021
394645,"Greeley, CO",177,1183,1196,1208,1220,1233,1245,1257,1269,1281,1294,1307,1320,1333,1342,1352,1361,1369,1376,1383,1389,1396,1402,1407,1413,1419,1423,1428,1432,1436,1439,1442,1446,1450,1453,1458,1462,1467,1472,1478,1483,1490,1496,1503,1509,1516,1523,1529,1536,1543,1549,1554,1560,1566,1572,1578,1584,1590,1597,1602,1608,1614,1619,1624,1629,1633,1638,1642,1645,1648,1651,1653,1655,1658,1661,1664,1668,1673,1678,1683,1689,1696,1702,1709,1715,1722,1729,1736,1743
394623,"Gainesville, GA",229,951,954,958,961,965,969,973,977,980,984,989,994,998,1005,1011,1018,1024,1030,1036,1040,1045,1050,1055,1060,1066,1072,1079,1085,1093,1100,1107,1113,1120,1127,1133,1139,1146,1150,1155,1160,1164,1167,1171,1175,1179,1183,1187,1190,1194,1198,1202,1206,1213,1219,1226,1234,1242,1250,1258,1267,1275,1282,1290,1297,1304,1311,1317,1322,1327,1332,1335,1338,1341,1346,1350,1355,1362,1369,1377,1387,1397,1408,1419,1430,1441,1452,1464,1476
